Carpark Name,Carpark Address,Mon-Fri before 5/6pm,Mon-Fri after 5/6pm,Sat,Sun/Public Holiday
Golden Mile Food Centre,"505 Beach Road, S(199583)","\$0.60/30min from 7am to 10am, \$0.80/30min from 10am to 10.30pm",Season parking only from 10.30pm to 7am the following day,Charges same as weekdays,Charges same as weekdays
Maxwell Food Centre,"2 Murray Street, S(079519)",HDB / URA parking rates,HDB / URA parking rates,HDB / URA parking rates,HDB / URA parking rates
Zion Riverside Food Centre,"86 Zion Road, S(160086)",HDB / URA parking rates,HDB / URA parking rates,HDB / URA parking rates,HDB / URA parking rates
Delta Hockey Pitch,"900 Tiong Bahru Road, S(158790)",Limited Free Parking Lots,Limited Free Parking Lots,Limited Free Parking Lots,Limited Free Parking Lots
Farrer Park Field,1 Rutland Road,HDB / URA parking rates,HDB / URA parking rates,HDB / URA parking rates,HDB / URA parking rates
Geylang Field,"30 Lorong 12 Geylang, S(399005)",HDB / URA parking rates,HDB / URA parking rates,HDB / URA parking rates,HDB / URA parking rates
Saint Wilfrid Sports Complex / Saint Wilfred Field,"3 Saint Wilfred Road, S(327920)",HDB / URA parking rates,HDB / URA parking rates,HDB / URA parking rates,HDB / URA parking rates
Bedok Stadium / Sports Hall / ClubFITT Gym,"1 Bedok North Street 2, S(469642)",HDB / URA parking rates,HDB / URA parking rates,HDB / URA parking rates,HDB / URA parking rates
Bishan Stadium / Sports Hall / ClubFITT Gym,"7 Bishan Street 14, S(579784)",HDB / URA parking rates,HDB / URA parking rates,HDB / URA parking rates,HDB / URA parking rates
Bukit Gombak Stadium / Sports Hall / ClubFITT Gym,"800 Bukit Batok West Avenue 5, S(659081)",\$0.50/30min from 7am to 10pm,\$4.00/entry from 10pm to 7am the following day,Charges same as weekdays,Charges same as weekdays
Clementi Stadium / Sports Hall / ClubFITT Gym,"10 West Coast Walk, S(127156)",HDB / URA parking rates,HDB / URA parking rates,HDB / URA parking rates,HDB / URA parking rates
Choa Chu Kang Stadium / Sports Hall / ClubFITT Gym,"1 Choa Chu Kang Street 53, S(689236)",\$0.50/30min from 7.30am to 10.30pm,\$0.50/30min from 10.30pm to 7.30am the following day,Charges same as weekdays,Charges same as weekdays
Delta Sports Hall / ClubFITT Gym,"900 Tiong Bahru Road, S(158790)",HDB / URA parking rates,HDB / URA parking rates,HDB / URA parking rates,HDB / URA parking rates
Hougang Stadium / Sports Hall / ClubFITT Gym,"100 Hougang Avenue 2, S(538856)",HDB / URA parking rates,HDB / URA parking rates,HDB / URA parking rates,HDB / URA parking rates
Jurong East Sports and Cultural Centre / ClubFITT Gym,"21 Jurong East Street 31, S(609517)",HDB / URA parking rates,HDB / URA parking rates,HDB / URA parking rates,HDB / URA parking rates
Jurong West Stadium / Sports Hall / ClubFITT Gym,"20 Jurong West Street 93, S(648965)",\$0.60/hr from 7am to 10.30pm,\$0.60/hr from 10.30pm to 7am the following day,Charges same as weekdays,Charges same as weekdays
Tampines Stadium / Sports Hall / ClubFITT Gym,"25 Tampines Street 82, S(528988)",HDB / URA parking rates,HDB / URA parking rates,HDB / URA parking rates,HDB / URA parking rates
Toa Payoh Stadium / Sports Hall / ClubFITT Gym,"297 Lorong 6 Toa Payoh, S(319389)",\$1.00/hr from 7am to 5pm,\$1.00/hr from 5pm to 7am the following day,Charges same as weekdays,Charges same as weekdays
Woodlands Stadium / Sports Hall / ClubFITT Gym,"1 Woodlands Street 12, S(738619)",\$0.50/30min from 7am to 10.30pm,\$0.50/30min from 10.30pm to 7am the following day,Charges same as weekdays,Charges same as weekdays
Yio Chu Kang Stadium / Sports Hall / ClubFITT Gym,"210 Ang Mo Kio Avenue 9, S(569777)","\$0.50 for 1st 30min, \$1.00 for next subsequent hr from 7am to 7pm","\$.50 for 1st 30min, \$1.00 for next subsequent hr from 7pm to 7am the following day",Charges same as weekdays,Charges same as weekdays
Yishun Stadium / Sports Hall / ClubFITT Gym,"101 Yishun Avenue 1, S(769130)",HDB / URA parking rates,HDB / URA parking rates,HDB / URA parking rates,HDB / URA parking rates
Jurong Stadium,"10 Chin Bee Road, S(619821)",HDB / URA parking rates,HDB / URA parking rates,HDB / URA parking rates,HDB / URA parking rates
Jurong East Stadium,"21 Jurong East Street 31, S(609517)",HDB / URA parking rates,HDB / URA parking rates,HDB / URA parking rates,HDB / URA parking rates
Queenstown Stadium,"473A Stirling Road, S(148949)",HDB / URA parking rates,HDB / URA parking rates,HDB / URA parking rates,HDB / URA parking rates
Serangoon Stadium,"35 Yio Chu Kang Road, S(545552)",HDB / URA parking rates,HDB / URA parking rates,HDB / URA parking rates,HDB / URA parking rates
Jalan Besar Stadium,"100 Jalan Besar Stadium, S(207542)",HDB / URA parking rates,HDB / URA parking rates,HDB / URA parking rates,HDB / URA parking rates
Kallang Leisure Park,"5 Stadium Walk, S(397693)","1st hr free, \$0.50 for next subsequent 30min from 8.30am to 6pm from Mon to Thurs",\$1.50/entry from 6pm to 3am the following day from Mon to Thurs,"\$0.50 for 1st hr, \$0.40 for next subsequent 15min from 8.30am to 6pm. \$2.10/entry from 6pm to 3am the following day from Fri to Sun","\$0.50 for 1st hr, \$0.40 for next subsequent 15min from 8.30am to 6pm. \$2.10/entry from 6pm to 3am the following day from Fri to Sun"
Big Splash,"902 East Coast Parkway, S(449874)",Free parking from 12midnight to 5pm,\$1.50/hr from 5pm to 12midnight the following day,\$1.50/hr from 5am to 5am the following day,\$1.50/hr from 5am to 5am the following day
Singapore Flyer,"30 Raffles Avenue, S(039803)",\$2.00/hr from 6am to 6pm,\$2.00/entry from 6pm to 6am the following day,"\$2.00/hr from 6am to 12midnight, \$2.00/entry from 12midnight to 6am the following day","\$2.00/hr from 6am to 12midnight, \$2.00/entry from 12midnight to 6am the following day"
DHL Balloon,"Tan Quee Lan Street, S(188091)",Carpark closed,Carpark closed,Carpark closed,Carpark closed
G-MAX Reverse Bungy / GX-5 Xtreme Swing,"3E River Valley Road, S(179024)","\$2.00 for 1st 2hr, \$1.00 for next subsequent hr from 7am to 5pm","\$2.00 for 1st hr, \$1.00 for next subsequent hr from 5pm to 7am the following day up to a maximum charge of \$5.00",Charges same as weekdays,\$2.50/entry from 7am to 7am the following day
Central,"6 Eu Tong Sen Street, S(059817)","\$2.20 for 1st hr, \$1.10 for next subsequent 30min from 6am to 5pm",\$3.50/entry from 5pm to 6am the following day,Charges same as weekdays,\$3.50/entry from 6am to 6am the following day
Regional Ferry Terminal (RFT),"1 Maritime Square, S(099253)","\$2.04/hr from 1am to 7am, \$1.40 for 1st hr \$0.70 for subsequent 30min from 7am to 6pm",\$2.60/entry from 6pm to 1am,Charges same as weekdays,Charges same as weekdays
International Passenger Terminal (IPT),"1 Maritime Square, S(099253)","\$2.04/hr from 1am to 7am, \$1.40 for 1st hr \$0.70 for subsequent 30min from 7am to 6pm",\$2.60/entry from 6pm to 1am the following day,Charges same as weekdays,Charges same as weekdays
Surbana One,"168 Jalan Bukit Merah, S(150168)",\$0.50/30min from 7am to 6pm,"\$1.00/entry from 6pm to 1am the following day, \$2.00/entry for night parking from 10.30pm to 7am",Charges same as weekdays,"\$1.00/entry from 7am to 1am the following day, \$2.00/entry for night parking from 10.30pm to 7am"
NOL Building,"456 Alexandra Road, S(119962)",\$1.60/hr from 7.30am to 5pm,\$2.50/entry from 5pm to 7.30am the following day,"\$1.60/hr from 7am to 1pm, \$2.50/entry from 1pm to 7am the following day",\$2.50/entry from 7am to 7am the following day
Technopark @ Chai Chee,"750 Chai Chee Road, S(469000)",\$1.50/hr from 8am to 5pm,\$1.20/hr from 5pm to 8am the following day,Charges same as weekdays,Charges same as weekdays
Link Hotel Singapore,"50 Tiong Bahru Road, S(168733)","\$3.00 for 1st hr, \$1.50 for next subsequent 30min from 7am to 7am","\$3.00 for 1st hr, \$1.50 for next subsequent 30min from 7am to 7am",Charges same as weekdays,Charges same as weekdays
Sentosa - Imbiah,Imbiah Road,\$0.02/min from 7am to 5pm,\$2.40/entry from 5.01pm to 6.59am the following day,Charges same as weekdays,Charges same as weekdays
Sentosa - Palawan Beach,Lighthouse Beach Walk,\$0.02/min from 7am to 5pm,\$2.40/entry from 5.01pm to 6.59am the following day,Charges same as weekdays,Charges same as weekdays
Sentosa - Tanjong Beach,Tanjong Beach Walk,\$0.02/min from 7am to 5pm,\$2.40/entry from 5.01pm to 6.59am the following day,Charges same as weekdays,Charges same as weekdays
Reflections at Bukit Chandu (RBC),"31K Pepys Road, S(118458)",Free Parking,Free Parking,Free Parking,Free Parking
Memories at Old Ford Factory (MOFF),"351 Upper Bukit Timah Road, S(588192)",Free Parking,Free Parking,Free Parking,Free Parking
National Archives of Singapore (NAS),"1 Canning Rise, S(179868)",HDB / URA parking rates,HDB / URA parking rates,HDB / URA parking rates,HDB / URA parking rates
The Battle Box,"51 Canning Rise, S(179872)",HDB / URA parking rates,HDB / URA parking rates,HDB / URA parking rates,HDB / URA parking rates
Civilian War Memorial (War Memorial Park),"War Memorial Park, Beach Road, S(189701)","\$2.20 for 1st 2hr, \$1.10/30min from 7am to 5pm from Mon to Thurs","\$2.20/entry from 5pm to 2am the following day, \$1.10/30min from 2am to 7am from Mon to Thurs","\$2.40 for 1st 2hr, \$1.20/hr for next subsequent 2hr, \$1.40/30min after the 4th hr from 7am to 2am the following day, \$1.10/30min from 2am to 7am from Fri to Sun","\$2.40 for 1st 2hr, \$1.20/hr for next subsequent 2hr, \$1.40/30min after the 4th hr from 7am to 2am the following day, \$1.10/30min from 2am to 7am from Fri to Sun"
Kranji War Memorial,"9 Woodlands Road, S(738656)",HDB / URA parking rates,HDB / URA parking rates,HDB / URA parking rates,HDB / URA parking rates
Aero-Green Technology,"260 Neo Tiew Crescent, S(718899)",Free parking from 9am to 5pm daily,Car Park closed after 5pm,Charges same as weekdays,Charges same as weekdays
Bollywood Veggies / Poison Ivy Bistro,"100 Neo Tiew Road, S(719026)",Free parking,Free parking,Charges same as weekdays,Charges same as weekdays
DreamFish (Lim Chu Kang Agrotechnology Park),"221 Neo Tiew Crescent, S(718831)",Free parking from 9am to 6pm on Mon to Sat,Free parking from 9am to 6pm on Mon to Sat,Charges same as weekdays,Closed
Fire Flies Health Farm,"75 Lim Chu Kang Lane 2, S(719842)",Free parking,Free parking,Charges same as weekdays,Charges same as weekdays
Hausmann Marketing Aquarium (Fish Farm),"291 Plot 113 Neo Tiew Crescent, S(718903)",Free parking,Free parking,Charges same as weekdays,Charges same as weekdays
Changi Point Coastal Walk / Changi Beach (Car Park 1 to 6),Changi Beach,HDB / URA parking rates from 8.30am to 5pm,Free parking from 5.01pm to 8.29am the following day,Charges same as weekdays,Free Parking
IBM Place 2,"9 Changi Business Park Central 1, S(486048)",\$0.50/30min from 7am to 10pm,Car Park closed after 10pm,Charges same as weekdays,"Free parking from 7am to 10pm, Car Park closed after 10pm"
PSA Building,"460 Alexandra Road, S(119963)",\$2.00/hr from 7am to 6.30pm,"Free parking from 6.30pm to 11pm, \$2.40/hr from 11pm to 7am the following day","Free parking from 7am to 11pm, \$2.40/hr from 11pm to 7am the following day","Free parking from 7am to 11pm, \$2.40/hr from 11pm to 7am the following day"
The Comtech,"60 Alexandra Terrace, S(118502)",Carpark closed,Carpark closed,Carpark closed,Carpark closed
"East Coast Park (Car Park B, C, D, F, G and H)","1000 East Coast Parkway, S(449876)",Free Parking,Free Parking,Free Parking,Free Parking
Marina at Keppel Bay,"2 Keppel Bay Vista, S(098382)",\$2.50/hr from 7am to 11.59pm,\$5.00/hr from 12am to 6.59am,Charges same as weekdays,Charges same as weekdays
Crocodile House,"3 Ubi Avenue 3, S(408857)",\$1.40/hr from 8am to 5pm,\$2.00/entry from 5pm to 8am the following day,"\$1.40/hr from 8am to 3pm, Car Park closed after 3pm",Closed
Millenia Tower,"1 Temasek Avenue, S(039192)","\$3.30 for 1st hr, \$1.10 for next subsequent 30min from 7am to 6pm",\$2.20/entry from 6pm to 7am the following day,"\$2.20 for 1st 2hr, \$1.10 for next subsequent hr from 7am to 7am the following day","\$2.20 for 1st 2hr, \$1.10 for next subsequent hr from 7am to 7am the following day"
Centennial Tower,"3 Temasek Avenue, S(039190)","\$3.30 for 1st hr, \$1.10 for next subsequent 30min from 7am to 6pm",\$2.20/entry from 6pm to 7am the following day,"\$2.20 for 1st 2hr, \$1.10 for next subsequent hr from 7am to 7am the following day","\$2.20 for 1st 2hr, \$1.10 for next subsequent hr from 7am to 7am the following day"
HDB Blk 3 (Tanjong Pagar Plaza),"Blk 3, Tanjong Pagar Plaza, S(081003)",\$0.05/min from 7am to 4.59pm,"\$0.02/min from 5pm to 10.29pm, \$0.02/min up to a maximum charge of \$5.00 from 10.30pm to 6.59am the following day","\$0.05/min from 7am to 4.59pm, \$0.02/min from 5pm to 10.29pm, \$0.02/min up to a maximum charge of \$5.00 from 10.30pm to 6.59am the following day","Free parking from 7am to 10.29pm, \$0.02/min up to a maximum charge of \$5.00 from 10.30pm to 6.59am the following day"
HDB Blk 1 / 2 / 5 / 2A / 28 (Jalan Bukit Merah),"1 Jalan Bukit Merah, S(150001)",HDB / URA parking rates from 7am to 10.29pm,"HDB / URA parking rates, up to a maximum charge of \$5.00 from 10.30pm to 6.59am the following day",Charges same as weekdays,Charges same as weekdays
HDB Blk 28 (Hoy Fatt Road),"Blk 28, Hoy Fatt Road, S(151028)",HDB / URA parking rates from 7am to 10.29pm,"HDB / URA parking rates, up to a maximum charge of \$5.00 from 10.30pm to 6.59am the following day",Charges same as weekdays,Charges same as weekdays
PSB Academy Campus @ Delta,"355 Jalan Bukit Ho Swee, S(169567)",\$0.70/30min from 7am to 5.59pm,\$4.00/entry from 6pm to 11pm,"\$0.70/30min from 7am to 12.59pm, \$4.00/entry from 1pm to 6pm",\$4.00/entry from 7am to 6pm
HDB Blk 28A / 38 / 49A (Beo Crescent),"Blk 28A, Beo Crescent, S(164028)",HDB / URA parking rates,HDB / URA parking rates,HDB / URA parking rates,Free Parking
Changi Airfreight Centre (CAC),"9 Airline Road, S(819827)",\$0.50/30min from 7am to 9.59pm,\$2.00/entry from 10pm to 6.59am the following day,Charges same as weekdays,Charges same as weekdays
Joo Seng Warehouse,"1 Upper Aljunied Link, S(367901)",\$1.02/hr from 8am to 6pm,Car Park closed after 6pm,"\$1.02/hr from 8am to 4pm, Car Park closed after 4pm",Closed
Gek Poh Shopping Centre,"762 Jurong West Street 75, S(640762)",\$0.0167/min from 7am to 4.59pm,"\$0.0167/min up to a maximum charge of \$1.00 from 5pm to 11.59pm, \$0.0167/min up to a maximum charge of \$2.00 from 12midnight to 6.59am the following day","\$0.0167/min up to a maximum charge of \$1.00 from 7am to 11.59pm, \$0.0167/min up to a maximum charge of \$2.00 from 12midnight to 6.59am the following day","\$0.0167/min up to a maximum charge of \$1.00 from 7am to 11.59pm, \$0.0167/min up to a maximum charge of \$2.00 from 12midnight to 6.59am the following day"
HDB Blk 349 to 355 (Clementi Ave 2),"Blk 349, Clementi Ave 2, S(120349)",HDB / URA parking rates from 7am to 10.29pm,"HDB / URA parking rates, up to a maximum charge of \$5.00 from 10.30pm to 6.59am the following day",Charges same as weekdays,"Free parking from 7am to 10.29pm, \$0.02/min up to a maximum charge of \$5.00 from 10.30pm to 6.59am the following day"
HDB Blk 442 to 444 / 442A / 445 / 462A (Clementi Ave 3),"Blk 442, Clementi Ave 3, S(120442)",HDB / URA parking rates from 7am to 10.29pm,"HDB / URA parking rates, up to a maximum charge of \$5.00 from 10.30pm to 6.59am the following day",Charges same as weekdays,"Free parking from 7am to 10.29pm, \$0.02/min up to a maximum charge of \$5.00 from 10.30pm to 6.59am the following day"
Henderson Industrial Park Blk 201,"201 Henderson Road, S(159545)",\$1.40/hr from 8am to 4.59pm,\$1.70/entry from 5pm to 7.59am the following day,Charges same as weekdays,Charges same as weekdays
Costa Sands Resort (Pasir Ris),"159M Jalan Loyang Besar, S(509404)","\$0.0214/min from Mon to Fri from 12.01am to 5pm. Free parking from 12pm to 2pm from Mon to Thurs (except School / Public Holidays, and Eve of Public Holidays)",\$2.14/entry from Mon to Thurs from 5pm to 12midnight. \$3.21/entry on Fri from 5pm to 12midnight.,"\$0.0214/min from 12.01am to 5pm, \$3.21/entry from 5pm to 12midnight and rates includes eve of PH and School Holidays","\$0.0214/min from 12.01am to 5pm, \$3.21/entry from 5pm to 12midnight and rates includes eve of PH and School Holidays"
Sentosa - Costa Sands Resort,Imbiah Walk,Free Parking,Free Parking,Free Parking,Free Parking
Zirca Mega Club,"3C River Valley Road, S(179022)","\$2.00 for 1st 2hr, \$1.00 for next subsequent hr from 7am to 5pm","\$2.00 for 1st hr, \$1.00 for next subsequent hr from 5pm to 7am the following day up to a maximum charge of \$5.00",Charges same as weekdays,\$2.50/entry from 7am to 7am the following day
Marina Bay Golf Course (MBGC),"80 Rhu Cross, S(437437)",Free Parking,Free Parking,Free Parking,Free Parking
Tanglin Public Golf Course & Tennis Courts,"130E Minden Road, S(248819)",Private Car Park,Private Car Park,Private Car Park,Private Car Park
Orchid Country Club (OCC),"1 Orchid Club Road, S(769162)",Free Parking,Free Parking,Free Parking,Free Parking
Laguna National Golf and Country Club,"11 Laguna Golf Green, S(488047)",Free Parking,Free Parking,Free Parking,Free Parking
Raffles Country Club (RCC),"450 Jalan Ahmad Ibrahim, S(639932)",Free Parking,Free Parking,Free Parking,Free Parking
Seletar Country Club,"101 Seletar Club Road, S(798273)",Free Parking,Free Parking,Free Parking,Free Parking
Sembawang Country Club,"249 Sembawang Road, S(758352)",Free Parking,Free Parking,Free Parking,Free Parking
Sentosa Golf Club (SGC),"27 Bukit Manis Road, S(099892)",Free Parking,Free Parking,Free Parking,Free Parking
Limbang Shopping Centre,"533 Choa Chu Kang Street 51, S(680533)",\$0.50/30min from 7am to 5pm,"\$1.00/entry from 5pm to 12midnight, \$2.00/entry from 12midnight to 7am the following day",Charges same as weekdays,"\$1.00/entry from 7am to 12midnight, \$2.00/entry from 12midnight to 7am the following day"
Civil Service Club (Tessensohn Clubhouse),"60 Tessensohn Road, S(217664)",(For Member): \$1.00/hr from 6am to 6pm (For Public): \$2.00/hr from 6am to 6pm,"(For Member): \$1.80/entry from 6pm to 3am the following day, \$1.50/hr from 3am to 6am (For Public): \$4.00/entry from 6pm to 3am the following day, \$2.00/hr from 3am to 6am",Charges same as weekdays,Charges same as weekdays
Civil Service Club (Bukit Batok Clubhouse),"91 Bukit Batok West Avenue 2, S(659206)",(For Member): \$1.00/hr from 6am to 5pm (For Public): \$1.80/hr from 6am to 5pm,"(For Member): \$1.50/entry from 5pm to 12midnight, \$1.50/hr from 12midnight to 6am the following day (For Public): \$3.50/entry from 5pm to 12midnight, \$2.00/hr from 12midnight to 6a",Charges same as weekdays,(For Member): \$1.50/entry from 6am to 6am the following day (For Public): \$3.50/entry from 6am to 6am the following day
Tanjong Pagar Railway Station,"30 Keppel Road, S(089059)",Carpark not in use,Carpark not in use,Carpark not in use,Carpark not in use
OG Albert,"60 Albert Street, S(189969)",\$1.20/30min from 7am to 10.59pm,\$1.20/30min from 7am to 11pm,Charges same as weekdays,Charges same as weekdays
Hotel Bencoolen,"47 Bencoolen Street, S(189626)",Free parking for Hotel's guests,Free parking for Hotel's guests,Free parking for Hotel's guests,Free parking for Hotel's guests
Lion City Hotel,"15 Tanjong Katong Road, S(436950)",Carpark closed,Carpark closed,Carpark closed,Carpark closed
ACTION Theatre,"42 Waterloo Street, S(187951)",Carpark closed,Carpark closed,Carpark closed,Carpark closed
The Necessary Stage,"278 Marine Parade Road, S(449282)",HDB / URA parking rates,HDB / URA parking rates,HDB / URA parking rates,Free Parking
Toy Factory Productions,"15A Smith Street, S(058929)",HDB / URA parking rates,HDB / URA parking rates,HDB / URA parking rates,HDB / URA parking rates
Singapore National Eye Centre (SNEC),"11 Third Hospital Avenue, S(168751)","\$0.036/min from 7am to 5.30pm, Additional \$3.00 Valet parking applicable to the normal parking fee",No Valet parking after 5.30pm,No Valet parking,No Valet parking
ParkwayHealth Day Surgery and Medical Centre,"363 Balestier Road, S(329784)","\$1.04 for 1st hr, \$0.53 for next subsequent 30min from 8am to 4.59pm",\$1.55/entry from 5pm to 7.59am the following day,Charges same as weekdays,Charges same as weekdays
Singapore National Eye Centre (SNEC Balestier Branch),"363 Balestier Road, S(329784)",Carpark closed,Carpark closed,Carpark closed,Carpark closed
"The Galen, Singapore Science Park II","61 Science Park Road, S(117525)","\$1.60 for 1st hr, \$1.07 for next subsequent 30min from 7.30am to 7.30pm",Free parking from 7.30pm to 7.30am the following day,Free Parking,Free Parking
Keppel Bay Tower,"1 Harbourfront Avenue, S(098632)",\$1.03/30min from 7am to 7pm,"\$3.10/entry from 7pm to 1am the following day, \$3.10/hr from 1am to 7am",Charges same as weekdays,Charges same as weekdays
Jurong Crocodile & Reptile Paradise ,"241 Jalan Ahmad Ibrahim, S(629143)","\$2.00/entry from 8am to 6pm, Free parking from 6pm to 7.59am the following day","\$2.00/entry from 8am to 6pm, Free parking from 6pm to 7.59am the following day",Charges same as weekdays,Charges same as weekdays
NUS Car Park 10A - CRISPS,Kent Ridge Road,\$1.20/hr from 8.30am to 7.30pm,Free Parking from 7.30pm to 8.30am the following day,\$1.20/hr with a Maximum Charge of \$2.60 from 8.30am to 5pm,Free Parking
NUS Car Park 4 - Raffles Hall / CFA Studios,Kent Ridge Crescent,"*\$0.0214/min from 8.30am to 7.30pm, maximum charge of \$1.284 for vehicles entering from 6pm to 7.30pm",*Free parking from 7.31pm to 8.29am the following day,"*\$0.0214/min up to a maximum charge of \$2.568 from 8.30am to 5pm, free parking from 5.01pm to 8.29am the following day",*Free parking whole day from 8.30am to 8.29am the following day
NUS Car Park 5 - Sports and Recreation Centre,Sports Drive 2,"*\$0.0214/min from 8.30am to 7.30pm, maximum charge of \$1.284 for vehicles entering from 6pm to 7.30pm",*Free parking from 7.31pm to 8.29am the following day,"*\$0.0214/min up to a maximum charge of \$2.568 from 8.30am to 5pm, free parking from 5.01pm to 8.29am the following day",*Free parking whole day from 8.30am to 8.29am the following day
NUS Car Park 6B - University Hall,Lower Kent Ridge Road,"*\$0.0214/min from 8.30am to 7.30pm, maximum charge of \$1.284 for vehicles entering from 6pm to 7.30pm",*Free parking from 7.31pm to 8.29am the following day,"*\$0.0214/min up to a maximum charge of \$2.568 from 8.30am to 5pm, free parking from 5.01pm to 8.29am the following day",*Free parking whole day from 8.30am to 8.29am the following day
NUS Car Park 10 - Block SoC 1,Lower Kent Ridge Road,"*\$0.0321/min from 8.30am to 7.30pm, maximum charge of \$1.284 for vehicles entering from 6pm to 7.30pm",*Free parking from 7.31pm to 8.29am the following day,"*\$0.0321/min up to a maximum charge of \$2.568 from 8.30am to 5pm, free parking from 5.01pm to 8.29am the following day",*Free parking whole day from 8.30am to 8.29am the following day
NUS Car Park 12 - Hon Sui Sen Memorial Library,Hon Sui Sen Drive,"*\$0.0214/min from 8.30am to 7.30pm, maximum charge of \$1.284 for vehicles entering from 6pm to 7.30pm",*Free parking from 7.31pm to 8.29am the following day,"*\$0.0214/min up to a maximum charge of \$2.568 from 8.30am to 5pm, free parking from 5.01pm to 8.29am the following day",*Free parking whole day from 8.30am to 8.29am the following day
NUS Car Park 15 - In front of Temask and Eusoff Halls,Kent Ridge Drive,"*\$0.0214/min from 8.30am to 7.30pm, maximum charge of \$1.284 for vehicles entering from 6pm to 7.30pm",*Free parking from 6.30pm to 8.29am the following day,*Free parking whole day from 8.30am to 8.29am the following day,*Free parking whole day from 8.30am to 8.29am the following day
NUS Car Park 16 - Lecture Theatre 11,Kent Ridge Drive,"*\$0.0214/min from 8.30am to 7.30pm, maximum charge of \$1.284 for vehicles entering from 6pm to 7.30pm",*Free parking from 7.31pm to 8.29am the following day,"*\$0.0214/min up to a maximum charge of \$2.568 from 8.30am to 5pm, free parking from 5.01pm to 8.29am the following day",*Free parking whole day from 8.30am to 8.29am the following day
NUS Car Park 10B - Prince George's Park Residences,Prince George's Park,"*\$0.0214/min from 8.30am to 7.30pm, maximum charge of \$2.568 for vehicles entering from 8.30am to 6pm and \$1.284 for vehicles entering from 6pm to 7.30pm",*Free parking from 7.31pm to 8.29am the following day,"*\$0.0214/min up to a maximum charge of \$2.568 from 8.30am to 5pm, free parking from 5.01pm to 8.29am the following day",*Free parking whole day from 8.30am to 8.29am the following day
NUS Car Park 11 - In front of IMRE,Research Link,"*\$0.0214/min from 8.30am to 6pm, \$1.284 for vehicles entering from 6pm to 7.30pm",*Free parking from 7.31pm to 8.29am the following day,"*\$0.0214/min up to a maximum charge of \$2.568 from 8.30am to 5pm, free parking from 5.01pm to 8.29am the following day",*Free parking whole day from 8.30am to 8.29am the following day
NUS Car Park 12A - Institute of Systems Science,"22 Heng Mui Keng Terrace, S(119615)","*\$0.0214/min from 8.30am to 7.30pm, maximum charge of \$2.568 for vehicles entering from 8.30am to 6pm and \$1.284 for vehicles entering from 6pm to 7.30pm",*Free parking from 7.31pm to 8.29am the following day,"*\$0.0214/min up to a maximum charge of \$2.568 from 8.30am to 5pm, free parking from 5.01pm to 8.29am the following day",*Free parking whole day from 8.30am to 8.29am the following day
One George Street,"1 George Street, S(049145)",\$2.50/30min from 7am to 6pm,\$3.60/entry after 6pm to 7am the following day,"\$2.50/30min from 7am to 1pm, \$3.60/entry from 1pm to 7am the following day",\$3.60/entry from 7am to 7am the following day
Fairmont Singapore,"80 Bras Basah Road, S(189560)","\$2.20 for 1st 2hr, \$0.55 for next subsequent 15min from 8am to 6pm",\$3.00/entry from 6pm to 8am the following day,"\$2.20 for 1st 2hr, \$0.55 for next subsequent 15min from 8am to 8am the following day","\$2.20 for 1st 2hr, \$0.55 for next subsequent 15min from 8am to 8am the following day"
Singapore Turf Club (STC),"1 Turf Club Avenue Singapore Racecourse, S(738078)",\$3.00/entry from 9am to 5pm from Mon to Thurs,\$5.00/entry from 5pm to 8am the following day from Mon to Thurs,\$6.00/entry from 9am to 8pm from Fri to Sunday,\$6.00/entry from 9am to 8pm from Fri to Sunday
Safra Toa Payoh,"293 Lorong 6 Toa Payoh, S(319387)","(For Member): \$1.25/hr, \$0.32 for next subsequent 15min, (For Public): \$2.30/hr, \$0.58 for next subsequent 15min from 6am to 5.59pm","(For Member): \$2.40/entry, (For Public): \$4.00/entry from 6pm to 5.59am the following day",Charges same as weekdays,"(For Member): \$2.40/entry, (For Public): \$4.00/entry from 6am to 6am the following day"
Alliance Francaise de Singapour,"1 Sarkies Road, S(258130)",\$5.00/entry from 7am to 6pm,\$5.00/entry from 6pm to 7am the following day,Charges same as weekdays,Charges same as weekdays
Hock Seng Building,"114 Lavender Street, S(338729)",*,*,*,*
Marine Cove,"1000 East Coast Parkway, S(449876)",\$2.60/entry from 3am to 3am the following day,\$2.60/entry from 3am to 3am the following day,"\$2.60 for 1st 2hr, \$1.30 for next subsequent hr from 3am to 3am the following day","\$2.60 for 1st 2hr, \$1.30 for next subsequent hr from 3am to 3am the following day"
Strand Hotel,"25 Bencoolen Street, S(189619)",Free parking for Hotel's guests,Free parking for Hotel's guests,Free parking for Hotel's guests,Free parking for Hotel's guests
Raffles Town Club,"1 Plymouth Avenue, S(297753)","\$2.00 for 1st hr, \$1.50 till 5pm.",\$3.00/entry after 5 pm.,Charges same as weekdays,Charges same as weekdays
Orchard Grand Court,"131 Killiney Road, S(239571)","\$3.00 for 1st hr, \$1.50 for next subsequent 30min from 7am to 5.59pm",\$4.00/entry from 6pm to 6.59am,Charges same as weekdays,\$4.00/entry from 7am to 7am the following day
Republic Polytechnic,"9 Woodlands Ave 9, S(738964)",\$1.00/hr from 7.01am to 10.30pm,\$1.00/hr from 10.31pm to 7.00am the following day,Charges same as weekdays,Charges same as weekdays
MICA Building,"140 Hill Street, S(179369)",Private Car Park,Private Car Park,Private Car Park,Private Car Park
Naumi Hotel,"41 Seah Street, S(188396)","\$1.50 for 1st 30min, \$1.20 for next subsequent 30min from 8am to 5pm",\$3.00/entry from 5pm to 8am the following day,Charges same as weekdays,\$3.00/entry from 8am to 8am the following day
National Dental Centre,"5 Second Hospital Avenue, S(168938)",\$0.035/min from 7am to 9.59pm,\$2.14/entry from 10pm to 6.59am the following day,Charges same as weekdays,"\$0.018/min from 7am to 9.59pm, \$0.65/entry from 10pm to 6.59am the following day"
Lasalle College of the Arts,"1 McNally Street, S(187940)","\$2.00 for 1st hr, \$0.05 for next subsequent min from 7am to 5pm","\$3.00/entry from 5pm to 11pm, \$2.00 for 1st hr, \$0.05 for next subsequent min from 11pm to 7am the following day",Charges same as weekdays,Charges same as weekdays
HortPark,"33 Hyderabad Road, S(119578)",\$0.60/30min from 6am to 10pm,"\$0.60/30min from 10pm to 7am the following day, maximum charge of \$5.00 for vehicles entering from 7pm to 10pm",Charges same as weekdays,Charges same as weekdays
Marina Barrage,"260 Marina Way, S(018976)","\$0,025/min for the 1st 5hr, \$0.05/min for next subsequent hr from 5am to 6pm","\$0.02/min from 6pm to 12midnight, \$0.05/min from 12midnight to 5am the following day",Charges same as weekdays,Charges same as weekdays
Singapore Recreation Club,"B Connaught Drive, S(179682)","\$2.00 for 1st hr, \$1.50 for next subsequent 30min from 7am to 5pm",\$3.00/entry from 5pm to 7am the following day,Charges same as weekdays,Charges same as weekdays
"West Coast Park (Carpark 1, 2 and 3)","34 West Coast Park, S(127711)",HDB / URA parking rates,HDB / URA parking rates,HDB / URA parking rates,HDB / URA parking rates
ComfortDelGro Driving Centre,"205 Ubi Avenue 4, S(408805)",*,*,*,*
Prudential Tower,"30 Cecil Street, S(049712)",Season Parking Only,Season Parking Only,Season Parking Only,Season Parking Only
Heartland Mall,"205 Hougang Street 21, S(530205)",\$1.00/hr from 7am to 10.30pm,\$2.00/hr from 10.30pm to 7am the following day,Charges same as weekdays,Charges same as weekdays
St Regis Singapore,"29 Tanglin Road, S(247911)","\$4.00 for 1st hr, \$2.00 for next subsequent 30min from 7am to 5pm",\$5/entry from 5pm to 7am the following day,Charges same as weekdays,\$5.00/entry from 7am to 7am the following day
Abacus Plaza,"3 Tampines Central 1, S(529540)",\$2.00/hr form 8am to 5pm,\$2.50/entry from 5pm to 8am the following day,Charges same as weekdays,\$2.50/entry from 8am to 8am the following day
LHK 2 Building,"76 Playfair Road, S(367996)","\$1.20 for 1st hr, \$0.60 for next subsequent 30min from 8am to 5pm",\$2.00/entry from 5pm to 8am the following day,Charges same as weekdays,\$2.00/entry
Pasir Panjang Ferry Terminal,"35 West Coast Highway, S(117862)","\$1.07 for 1st hr, \$1.07 for next subsequent hr from 6am to 4.59pm","\$2.14/entry from 5pm to 11.59pm, \$2.14/entry from 12midnight to 5.59am",Charges same as weekdays,Charges same as weekdays
Jackson Square,"11 Lorong 3 Toa Payoh, S(319579)",\$0.50/30min from 8am to 5pm,\$0.50/30min from 5pm to 8am the following day,Charges same as weekdays,\$1.00/entry from 8am to 8am the following day
Jurong Medical Centre,"60 Jurong West Central 3, S(648346)","\$2.15 for 1st hr, \$1.07 for next subsequent 30min from 8am to 5pm","\$2.15 for 1st hr, \$1.07 for next subsequent 30min from 5pm to 8am the following day",Charges same as weekdays,Charges same as weekdays
TradeHub 21,"8 Boon Lay Way, S(609964)",\$1.20/hr from 7am to 7pm,Free Parking from 7pm to 12midnight,Free Parking,Free Parking
Sin Ming Plaza,"6 Sin Ming Road, S(575585)","\$1.50 for 1st hr, \$0.75 for next subsequent 30min from 8am to 5pm","\$1.50 for 1st hr, \$0.75 for next subsequent 30min from 5pm to 8am the following day",Charges same as weekdays,Charges same as weekdays
Sembawang Clubhouse,"43 Admiralty Road West, S(759962)",Free Parking,Free Parking,Free Parking,Free Parking
Taman Jurong Shopping Centre,"399 Yung Sheng Road, S(610399)",\$0.50/30min from 7am to 4.59pm,"\$0.50/30min up to a maximum charge of \$1.00 from 5pm to 11.59pm, \$0.50/30min up to a maximum charge of \$2.00 from 12midnight to 6.59am the following day","\$0.50/30min up to a maximum charge of \$1.00 from 7am to 11.59pm, \$0.50/30min up to a maximum charge of \$2.00 from 12midnight to 6.59am the following day","\$0.50/30min up to a maximum charge of \$1.00 from 7am to 11.59pm, \$0.50/30min up to a maximum charge of \$2.00 from 12midnight to 6.59am the following day"
Changi Hotel,"80 Changi Road, S(419715)",Carpark closed,Carpark closed,Carpark closed,Carpark closed
Hotel 1929,"50 Keong Saik Road, S(089154)",HDB / URA parking rates,HDB / URA parking rates,HDB / URA parking rates,HDB / URA parking rates
New Majestic Hotel,"31 Bukit Pasoh Road, S(089845)",HDB / URA parking rates,HDB / URA parking rates,HDB / URA parking rates,HDB / URA parking rates
Pan Pacific Orchard,"10 Claymore Road, S(229540)","\$5.00 for 1st hr, \$1.50 for next subsequent 30min from 7am to 4.59pm",\$5.50/entry from 5pm to 6.59am,Charges same as weekdays,\$5.50/entry from 7am to 7am the following day
The Scarlet Hotel,"33 Erskine Road, S(069333)",HDB / URA parking rates,HDB / URA parking rates,HDB / URA parking rates,HDB / URA parking rates
Hangout @ Mount Emily,"10A Upper Wilkie Road, S(228119)",Free parking for Hotel's guests,Free parking for Hotel's guests,Free parking for Hotel's guests,Free parking for Hotel's guests
Garden Hotel,"14 Balmoral Road, S(259800)",Free parking for Hotel's guests,Free parking for Hotel's guests,Free parking for Hotel's guests,Free parking for Hotel's guests
Robertson Quay Hotel,"15 Merbau Road, S(239032)","\$1.50 for 1st hr, \$0.50 for next subsequent 30min from 5am to 5pm",\$3.00/entry from 5pm to 8am the following day,Charges same as weekdays,Charges same as weekdays
Singapore Indoor Stadium,"2 Stadium Walk, S(397691)",\$0.54/30min from 7am to 7pm,\$0.54/30min from 7pm to 7am,Charges same as weekdays,Charges same as weekdays
HDB Blk 12A (Dover Close East),"12A Dover Close East, S(131012)",HDB / URA parking rates,HDB / URA parking rates,HDB / URA parking rates,HDB / URA parking rates
Whitley Road URA Car Park,Whitley Road,HDB / URA parking rates,HDB / URA parking rates,HDB / URA parking rates,HDB / URA parking rates
WestWay,"27 West Coast Highway, S(117867)",\$0.75/30min from 7am to 7.59pm,"\$0.75/30min from 8pm to 23.59pm, \$0.75/30min from 12midnight to 6.59am the following day",Charges same as weekdays,Charges same as weekdays
Bedok Central Blk 215A (Multi-Storey Car Park),"215A Bedok Central, S(461215)",\$0.50/30min from 7am to 10.30pm,\$0.50/30min up to a maximum charge of \$2.00/day from 10.30pm to 7am the following day,Charges same as weekdays,Charges same as weekdays
Tampines 1,"10 Tampines Central 1, S(529536)","\$1.10 for 1st hr, \$0.32/15min for 2nd hr, \$0.35 for next subsequent 15min from 6am to 12.30am","\$1.10 for 1st hr, \$0.32/15min for 2nd hr, \$0.35 for next subsequent 15min from 6am to 12.30am","\$2.20 for 1st 2hr, \$0.35/15min for next subsequent hr, \$0.35 for next subsequent 15min from 6am to 12 midnight","\$2.20 for 1st 2hr, \$0.35/15min for next subsequent hr, \$0.35 for next subsequent 15min from 6am to 12 midnight from 6am to 12 midnight"
Lavender Food Square,"380 Jalan Besar, S(209000)",Carpark not in use,Carpark not in use,Carpark not in use,Carpark not in use
Six Battery Road,"6 Battery Road, S(049909)",\$3.10/30min from 7am to 5.59pm,\$3.70/entry from 6pm to 6.59am the following day,"\$3.10/30min from 7am to 12.59pm, \$3.70/entry from 1pm to 7am the following day",\$3.70/entry from 7am to 7am the following day
Safra Jurong,"333 Boon Lay Way, S(649848)","(For Member): \$0.95 for 1st hr, \$0.24 for next subsequent 15min, (For Public): \$2.05 for 1st hr, \$0.52 for next subsequent 15min from 6am to 6pm","(For Member): \$1.90/entry, (For Public): \$4.00/entry from 6pm to 6am the following day",Charges same as weekdays,"(For Member): \$1.90/entry, (For Public): \$4.00/entry from 6am to 6am the following day"
Sentosa Cove Village,"1 Clove Avenue, S(098537)",\$0.02/min from 7am to 5pm,\$2.40/entry from 5.01pm to 6.59am the following day,Charges same as weekdays,Charges same as weekdays
Icon Village,"12 Gopeng Street, S(078877)",\$1.50/30min from 7am to 5pm,\$3.00/entry from 5pm to 7am the following day,"\$1.50/30min from 7am to 1pm, \$3.00/entry from 1pm to 7am the following day",\$3.00/entry from 7am to 7am the following day
Ion Orchard,"2 Orchard Turn, S(238801)","\$2.67 for 1st hr, \$1.28 for next subsequent 30min from 8am to 4.59pm from Mon to Thurs","\$3/entry from 5pm to 11.59pm, \$1.07/hr from 12midnight to 7.59am the following day from Mon to Thurs","\$2.56 for 1st hr, \$1.88 for next subsequent 30min from 8am to 4.59pm, \$3.74/entry from 5pm to 11.59pm, \$1.07/hr from 12midnight to 7.59am the following day from Fri to Sun","\$2.56 for 1st hr, \$1.88 for next subsequent 30min from 8am to 4.59pm, \$3.74/entry from 5pm to 11.59pm, \$1.07/hr from 12midnight to 7.59am the following day from Fri to Sun"
One Marina Boulevard,"1 Marina Boulevard, S(018989)",\$2.14/30min from 7am to 5.30pm,\$3.21/entry from 5.30pm to 11pm,"\$2.14/30min from 7am to 1pm, \$3.21/entry from 1pm to 11pm",\$3.21/entry from 7am to 11pm
Orchard Central,"181 Orchard Road, S(238896)","\$2.00 for 1st hr, \$1.00 for next subsequent 30min from 2am to 6pm","\$4.50 for 1st 3hr, \$1.50 for next subsequent 30min from 6pm to 2am the following day",Charges same as weekdays,"\$4.50 for 1st 3hr, \$1.50 for next subsequent 30min from 2am to 2am the following day"
Hougang Plaza,"1189 Upper Serangoon Road, S(534785)",*Building Demolished*,*Building Demolished*,*Building Demolished*,*Building Demolished*
City Square Mall,"180 Kitchener Road, S(208539)","\$1.60 for 1st hr, \$0.80 for next subsequent 30min from 7am to 6pm",\$3.00/entry from 6.00pm to 4.00am the following day,"\$1.60 for 1st hr, \$0.80 for next subsequent 30min from 7am to 6pm, \$3.50/entry from 6pm to 4.00am the following day","\$1.60 for 1st hr, \$0.80 for next subsequent 30min from 7am to 6pm, \$3.50/entry from 6pm to 4.00am the following day"
313@Somerset,"313 Orchard Road, S(238895)","\$2.14 for 1st hr, \$1.07 for next subsequent 30min from 7am to 6pm","\$4.82 for 1st 3hr, \$1.61 for next subsequent 30min from 6pm to 7am the following day",Charges same as weekdays,"\$4.82 for 1st 3hr, \$1.61 for next subsequent 30min"
Senoko Fishery Port,"31 Attap Valley Road, S(759908)",\$2.70/entry from 7am to 7am the following day,\$2.70/entry from 7am to 7am the following day,\$2.70/entry from 7am to 7am the following day,\$2.70/entry from 7am to 7am the following day
Fusionopolis,"1 Fusionopolis Way, S(138632)",\$1.00/30min from 7am to 6pm,\$1.00/entry from 6pm to 7am the following day,\$1.00/entry from 7am to 7am the following day,\$1.00/entry from 7am to 7am the following day
Wilkie Edge,"8 Wilkie Road, S(228095)",\$1.50/30min from 7am to 5.59pm,"\$1.00/30min from 6pm to 10.59pm, \$4.10/entry from 11pm to 6.59am the following day","\$1.50/30min from 7am to 1pm, \$4.10/entry from 1.00pm to 6.59am the following day",\$4.10/entry from 7am to 6.59am the following day
"Hotel Michael, Resorts World Sentosa","8 Sentosa Gateway, S(098269)","\$7.00 for 1st hr, \$1.00 for next subsequent 30min from 7am to 7pm from Mon to Thurs",\$6.00/entry from 7pm to 7am the following day from Mon to Thurs,"\$8.00 for 1st hr, \$2.00 for next subsequent 30min from 7am to 7pm, \$8.00/entry from 7pm to 6.59am the following day on Fri to Sat and eve of PH",Charges same as Saturdays
"Festive Hotel, Resorts World Sentosa","8 Sentosa Gateway, S(098269)","\$7.00 for 1st hr, \$1.00 for next subsequent 30min from 7am to 7pm from Mon to Thurs.",\$6.00/entry from 7pm to 7am the following day from Mon to Thurs,"\$8.00 for 1st hr, \$2.00 for next subsequent 30min from 7am to 7pm, \$8.00/entry from 7pm to 6.59am the following day on Fri to Sat and eve of PH",Charges same as Saturdays
"Hard Rock Hotel, Resorts World Sentosa","8 Sentosa Gateway, S(098269)","\$7.00 for 1st hr, \$1.00 for next subsequent 30min from 7am to 7pm from Mon to Thurs",\$6.00/entry from 7pm to 7am the following day from Mon to Thurs,"\$8.00 for 1st hr, \$2.00 for next subsequent 30min from 7am to 7pm, \$8.00/entry from 7pm to 6.59am the following day from Fri to Sat and eve of PH",Charges same as Saturdays
Capella Singapore,"1 The Knolls Sentosa Island, S(098297)","\$8.00 for first 2hr, \$1.00 for next subsequent 30min from 8am to 5pm","\$8.00 for the first 2hr, \$1.00 for next subsequent 30min from 5pm to 8am the following day",Charges same as weekdays,Charges same as weekdays
Bugis+,"201 Victoria Street, S(188067)","\$1.28 for 1st hr, \$0.54 for next subsequent 15min from 8am to 5.59pm from Mon to Fri","\$3.21/entry from 6pm to 7.59am the following day from Mon to Thurs, \$3.21 for 1st 2hr, \$0.54 for next subsequent 15min from 6pm to 7.59am the following day on Fri","\$3.21 for 1st 2hr, \$0.54 for next subsequent 15min from 8am to 8am the following day","\$3.21 for 1st 2hr, \$0.54 for next subsequent 15min from 8am to 8am the following day"
Kopitiam Square,"10 Sengkang Square Kopitiam Square, S(544829)",\$1.10/hr from 8am to 10pm,\$0.30/30min from 10pm to 8am the following day,Charges same as weekdays,Charges same as weekdays
German Centre,"25 International Business Park,",\$2.50/hr from 7am to 4.59pm,\$2.50/entry from 5pm to 6.59am,"\$2.00/hr from 7am to 12.59am, Free parking after 1pm",Free parking
The Village Centre,"3 South Buona Vista Road, S(118136)",\$1.30/hr from 7.01am to 5pm from Mon to Thurs,"\$2.50/entry from 5.01pm to 10.30pm, \$3.10/entry from 10.31pm to 7am from Mon to Thurs","\$1.30/hr from 7.01am to 5pm, \$3.10/entry from 5.01pm to 7am from Fri to Sat","\$2.70/entry from 7.01am to 10.30pm, \$3.10/entry from 10.31pm to 7.01am"
Punggol Plaza,"168 Punggol Field, S(820168)","Free for 1st 15min, \$1.00 for next subsequent hr from 8am to 5pm","Free for 1st 15min, \$1.00 for next subsequent hr from 5pm to 8am the following day",Charges same as weekdays,Charges same as weekdays
Temasek Club,"131 Rifle Range Road, S(588406)","\$1.20 for the first hr, \$0.30 for next subsequent 15min from 7am to 4.59pm","\$2.50 for the first hr, \$0.30 for next subsequent 15min from 5pm to 7am the following day","\$2.50 for the first hr, \$0.30 for next subsequent 15min from 7am to 7am the following day","\$2.50 for the first hr, \$0.30 for next subsequent 15min fromm 7am to 7am the following day"
Marina Bay Sands (MBS),"10 Bayfront Ave, S(018970)","\$7.00 for 1st hr, \$1.00 for next subsequent 30min up to a maximum charge of \$26.00 from 7am to 7pm, \$6.00/day for guests staying at the hotel","\$7.00/entry from 7pm to 7am the following day, \$6.00/day for guests staying at the hotel","\$8.00 for 1st hr, \$1.00 for next subsequent 30min up to a maximum charge of \$26.00 from 7am to 7pm, \$6.00/day for guests staying at the hotel","\$8.00 for 1st hr, \$1.00 for next subsequent 30min up to a maximum charge of \$26.00 from 7am to 7pm, \$6.00/day for guests staying at the hotel"
Millenia Walk (Basement Car Park),"9 Raffles Boulevard, S(039596)","\$3.30 for 1st hr, \$1.10 for next subsequent 30min from 7am to 6pm",\$2.20/entry from 6pm to 7am the following day,"\$2.20 for 1st 2hr, \$1.10 for next subsequent hr from 7am to 7am the following day","\$2.20 for 1st 2hr, \$1.10 for next subsequent hr from 7am to 7am the following day"
Bukit Timah Plaza,"1 Jalan Anak Bukit, S(588996)",\$1.40/hr from 7.30am to 5pm,\$2.40/entry from 5pm to 7.30am the following day,Charges same as weekdays,"\$2.40 for the 1st 3hr, \$1,40 for the next subsequent hr from 7.30am to 5pm, \$2.40/entry from 5pm to 7am the following day"
MacRitchie Reservoir Park,"Reservoir Road, S(570000)",\$0.02/min from 7am to 7am the following day,\$0.02/min from 7am to 7am the following day,Charges same as weekdays,Charges same as weekdays
*Scape,"2 Orchard Link, S(237978)",\$2.05/hr from 7am to 4.59pm,"\$5.15 for 1st 3hr, \$2.05 for next subsequent hr from 5pm to 6.59am the following day",\$2.05/hr from 7am to 7am the following day,"\$2.05/hr from 7am to 4.59pm, \$5.15 for 1st 3hr, \$2.05 for next subsequent hr from 5pm to 6.59am the following day"
Samsung Hub,"3 Church Street, S(049483)",\$2.20/30min from 7am to 6pm,\$3.20/entry from 6pm to 12midnight,\$3.20/entry from 7am to 12midnight,\$3.20/entry from 7am to 12midnight
Nex Mall,"23 Serangoon Central, S(556083)","\$1.30 for 1st hr, \$0.65 for next subsequent 30min from 7am to 5pm","\$1.30 for 1st hr, \$0.65 for next subsequent 30min from 5pm to 7am the following day","\$1.40 for 1st hr, \$0.70 for next subsequent 30min from 7am to 7am the following day","\$1.40 for 1st hr, \$0.70 for next subsequent 30min from 7am to 7am the following day"
The Lawn @ Marina Bay,"12 Marina Boulevard, S(018982)",\$0.80/10min from 6am to 6pm,"\$3.00 for 1st four hr, \$0.25 for next subsequent 10min from 6pm to 6am.","\$3.00 for 1st four hr, \$0.25 for next subsequent 10min.","\$3.00 for 1st four hr, \$0.25 for next subsequent 10min."
Kreta Ayer People's Theatre ,"30A Kreta Ayer Road, S(088997)",\$1.00/30min from 7am to 5pm,\$0.50/30min from 5pm to 10pm,Same as Weekdays,Same as Weekdays
URA Bayfront Car Park,"11 Marina Boulevard, S(018940)",\$2.00/30min from 7am to 6pm,\$1.60/hr from 6pm to 7am,"\$2.00/30min from 7am to 1pm, \$0.80/30min from 1pm to 7am the following day",\$0.80/30min from 7am to 7am the following day
Park Regis Singapore,"23 Merchant Road, S(058268)","\$5 for 1st hr, \$1.50 for next subsequent 30min from 8am to 5pm","\$5 for 1st hr, \$1.50 for next subsequent 30min from 5pm to 8am the following day",Charges same as weekdays,Charges same as weekdays
Chevron House,"30 Raffles Place, S(048622)",\$3.00/30min from 7.30am to 6.29pm,\$3.50/entry from 6.30pm to 7.30am the following day,"\$3.00/30min from 7.30am to 1pm, \$3.50/entry from 1pm to 7.30am the following day",\$3.50/entry from 7.30am to 7.30am the following day
Singapore Cruise Center,"1 Maritime Square, HarbourFront Centre","\$1.20 for 1st hr, \$0.60 for next subsequent 30min from 7am to 6pm","\$2.04/hr from 1am to 7am, \$2.40/entry from 6pm to 1am the following day",Charges same as weekdays,Charges same as weekdays
Bedok Point,"799 New Upper Changi Road,","\$1.20 for 1st hr, \$0.70 for next subsequent 30min from 7am to 7am the following day","\$1.20 for 1st hr, \$0.70 for next subsequent 30min from 7am to 7am the following day",Charges same as weekdays,Charges same as weekdays
Bestway Building,"12 Prince Edward Road, S (079212)",\$2.00/hr from 7am to 6pm,\$3.00/entry from 6pm to 7am the following day,\$3.00/entry from 7am to 7am the following day,\$3.00/entry from 7am to 7am the following day
"NTU Car Park (C, D, E, F, G, I, J, P, Q, R, S, Hall 7)","50 Nanyang Avenue, S(639798)","\$0.015/min from 8am to 6pm, maximum charge of \$3.60/day",Free parking after 6pm,Free Parking,Free Parking
NTU Car Park (ADM),"50 Nanyang Avenue, S(639798)","\$0.15/min from 8am to 6pm, maximum charge of \$3.60/day",Free parking after 6pm,Free Parking,Free Parking
NTU Car Park (SPMS),"50 Nanyang Avenue, S(639798)","\$0.15/min from 8am to 6pm, maximum charge of \$3.60/day",Free parking after 6pm,Free Parking,Free Parking
NTU Car Park (Canteen 2),"50 Nanyang Avenue, S(639798)",Free Parking,Free Parking,Free Parking,Free Parking
"NTU Car Park (H3, H4, H6, H8, H16, GH, NEC, SRC)","50 Nanyang Avenue, S(639798)",Free Parking,Free Parking,Free Parking,Free Parking
"NTU Car Park (Nanyang Heights, Nanyang Meadow, Nanyang View)","50 Nanyang Avenue, S(639798)",Free Parking,Free Parking,Free Parking,Free Parking
The Clementi Mall,3155 Commonwealth Avenue West S(129588),"\$1.60 for 1st hr, \$0.80 for next subsequent 30min from 9am to 11pm","\$1.60 for 1st hr, \$0.80 for next subsequent 30min from 9am to 11pm",Charges same as weekdays,Charges same as weekdays
Khoo Teck Puat Hospital,"90 Yishun Central, S(768828)",\$0.03/min from 8am to 5pm,\$0.03/min from 5pm to 8am the following day,Charges same as weekdays,Charges same as weekdays
NCS Hub,"5 Ang Mo Kio Street 62, S (569141)","\$1.00 for 1st hr, \$0.70 for subsequent hr up to a maximum charge of \$10.00","\$1.00 for 1st hr, \$0.70 for subsequent hr up to a maximum charge of \$10.00",Charges same as weekdays,Charges same as weekdays
Golden Mile Tower,6001 Beach Road S(199589),\$1.80/hr from 8am to 5pm,\$2.25/entry from 5pm to 8am the following day,Charges same as weekdays,\$2.40/entry from 8am to 8am the following day
Craig Place,20 Craig Road S(089692),"\$3.00 for 1st hr, \$0.05/min for next subsequent hr from 7am to 6pm",\$3.50/entry from 6pm to 7am the following day,Charges same as weekdays,\$2.50/entry from 7am to 7am the following day
Seah Im Carpark,2 Seah Im Road S(099114),\$0.50/30min from 7am to 10.30pm,\$0.50/30min from 10.30pm to 7am the following day,Charges same as weekdays,Charges same as weekdays
Dawson Place,57 Dawson Road S(142057),\$0.50/30min from 7am to 5pm,"\$0.50/30min from 5pm to 12midnight up to a maximum charge of \$1.00, \$0.50/30min from 12midnight to 7am up to a maximum charge of \$2.00",\$0.50/30min from 7am to 7am the following day,\$0.50/30min from 7am to 7am the following day
Crown Centre,557 Bukit Timah Road S(269694),"\$2.00 for 1st hr, \$1.00 for next subsequent 30min from 8am to 5pm","\$2.00 for 1st hr, \$1.00 for next subsequent 30min from 5pm to 8am the following day",Charges same as weekdays,Charges same as weekdays
Hong Lim Complex,531 Upper Cross Street S(050531),\$1.20/30min from 7am to 5pm,"\$0.50/30min from 5pm to 10.30pm, \$4.00/entry from 10.30pm to 7.00am the following day",Charges same as weekdays,"\$0.50/30min from 7am to 10.30pm, \$4.00/entry from 10.30pm to 7.00am the following day"
Thye Hong Centre,2 Leng Kee Road S(159086),"\$2.00/30min or part thereof from 7.30am to 11am, \$1.20/hr or part thereof from 11am to 6pm",\$2.00/entry from 6pm to 11am the following day,"\$2.00/30min or part thereof from 7.30am to 11am, \$1.20/hr or part thereof from 11am to 1pm, \$2.00/entry after 1pm",\$2.00/entry from 7.30am to 7.30am the following day
6 Raffles Quay,6 Raffles Quay S(048580),\$2.50/30min from 7am to 8pm,\$3.00/entry after from 8pm to 11pm,"\$2.50/30min from 7am to 3pm, \$3.00/entry after from 3pm to 7pm",carpark close
One Raffles Quay,1 Raffles Quay S(048583),\$1.07/10min block or part thereof from 6am to 5pm,"\$3.21 for 1st 4hr, \$0.27/10min block or part thereof from 5pm to 6am the following day","\$3.21 for 1st 4hr, \$0.27/10min block or part thereof from 6am to 6am the following day","\$3.21 for 1st 4hr, \$0.27/10min block or part thereof from 6am to 6am the following day"
The Sail @ Marina Bay,2 Marina Boulevard S(018987),\$4/hr from 6am to 6pm,\$1.50/hr from 6pm to 5.59am the following day,"\$4/hr from 6am to 5.59pm, \$1.50/hr from 1pm onwards",\$1.50/hr
Marina Bay Financial Centre Tower 2,10 Marina Boulevard S(018983),\$6.42/hr 6am to 6pm,"\$3.21 for 1st 4hr, \$0.27/10min block or part thereof from 6pm to 6am the following day","\$3.21 for 1st 4hr, \$0.27/10min block or part thereof from 6am to 6am the following day","\$3.21 for 1st 4hr, \$0.27/10min block or part thereof from 6am to 6am the following day"
Keck Seng Tower,133 Cecil Street S(069535),\$2.50/30min from 8am to 6pm,\$2.50/entry from 6pm to 10pm,"\$2.50/30min from 8am to 2pm, \$2.50/entry from 2pm to 10pm",Closed
10 Winstedt,10 Winstedt Road S(227977),\$0.80/30min from 6am to 6pm or part thereof,\$2.00/entry from 6pm to 3am the following day,"\$1.00/30min from 6am to 3pm or part thereof, \$2.00/entry from 3pm to 3am the following day",\$2.00/entry from 6am to 3am the following day
Balmoral Plaza,271 Bukit Timah Road S(259708),\$2.00/hr from 8am to 5pm,"\$2.50/entry from 5pm to 12midnight, \$2.00/hr from 12midnight to 8am the following day",Charges same as weekdays,\$2.00/entry from 8am to 8am the following day
Maxwell House,38 Maxwell Road S(069116),\$1.40/30min or part thereof from 6.30am to 5pm,"\$3.00/entry from 5pm to 10pm, \$2.00/entry from 10pm to 6.30am the following day",Charges same as weekdays,"\$3.00/entry from 6.30am to 10pm, \$2.00/entry from 10pm to 6.30am the following day"
1001 Bukit Merah Lane 3,1001 Bukit Merah Lane 3 S(159718),\$0.50/30min from 7am to 10.30pm,\$0.50/30min or up to a maximum charge of \$4.00 from 10.30pm to 7am the following day,Charges same as weekdays,Charges same as weekdays
Woodlands Mart,Woodlands Avenue 6 S(730768),\$0.50/30min from 8am to 5pm,\$0.50/30min from 5pm to 8am the following day,Charges same as weekdays,Charges same as weekdays
Mount Sophia,Mount Sophia,"\$1.40/30min from 8am to 9.59am, \$1.40/hr from 10am to 9.59pm",\$3.00/entry from 10pm to 7.59am the following day,"\$1.40/hr from 8am to 9.59pm, \$3.00/entry from 10pm to 7.59am the following day","\$1.40/hr from 8am to 9.59pm, \$3.00/entry from 10pm to 7.59am the following day"
Changi City Point,"5 Changi Business Park Central 1, S(486038)",\$0.70/30min from 7.01am to 6pm,\$2.50/entry from 6.01pm to 7am the following day,"\$2.50 for 1st 2hr, \$1.20 for next subsequent 30min from 7.01am to 5pm, \$2.50/entry from 5.01pm to 7am the following day","\$2.50 for 1st 2hr, \$1.20 for next subsequent 30min from 7.01am to 5pm, \$2.50/entry from 5.01pm to 7am the following day"
Singapore Swimming Club,"45 Tanjong Rhu Road, S(436899)","\$1.50 for 1st hr, \$0.02 for next subsequent min from 6am to 6pm","\$2.03 for 1st hr, \$0,03 for next subsequent min from 6pm to 6am the following day",Charges same as weekdays,Charges same as weekdays
HarbourFront Tower 1,"1 HarbourFront Place, S(098633)",\$1.05/30min from 7am to 7pm,"\$3.10/entry from 7pm to 1am the following day, \$3.10/hr from 1am to 7am","\$1.05/30min from 7am to 1pm, \$1.20 for 1st hr, \$0.60 for subsequent 30min from 1pm to 6pm, \$2.40/entry from 6pm to 1am the following day, \$3.10/hr from 1am to 7am","\$1.20 for 1st hr, \$0.60 for subsequent 30min from 7am to 6pm, \$2.40/entry from 6pm to 1am the following day, \$3.10/hr from 1am to 7am"
The Fleming,"59 Science Park Drive, S(118239)","\$0.56 for 1st hr, \$1.07 for next subsequent hr from 7.30am to 7.30pm",Carpark Closed after 7.30pm daily,Carpark Closed,Carpark Closed
TUV SUD PSB,"1 Science Park Drive, S(118221)","\$0.56 for 1st hr, \$1.07 for every subsequent hr from 7.30am to 7.30pm","\$2.00/entry from 7pm to 3am the following day, \$20.00/entry from 3am to 6am",Charges same as weekdays,"\$2.00/entry from 6am to 3am the following day, \$20.00/entry from 3am to 6am"
991 Alexandra Road,"991B Alexandra Road, S(119970)",\$1.60/hr from 6am to 7pm,Free parking limited to 6 lots,Free parking limited to 6 lots,Free parking limited to 6 lots
DSO National Laboratories,"20 Science Park Drive, S(118230)",Free parking limited to 6 lots,"\$2.00/entry from 6pm to 7am the following day for cars, \$2.50/entry from 6pm to 7am the following day for commercial vehicles",Charges same as weekdays,\$2.50/entry from 7am to 7am the following day
Golden Agri Plaza,"108 Pasir Panjang Road, S(118535)","\$1.20/hr from 7am to 6pm for cars, \$2.00/hr from 7am to 6pm for commercial vehicles",\$2.00/entry from 10.01pm to 6.59am the following day,Charges same as weekdays,\$2.00/entry from 12midnight to 11.59pm
Inno Centre,"1003 Bukit Merah Central, S(159836)",\$0.60/30min from 7am to 10pm,"\$1.20/hr from 7pm to 7am the following day for cars, \$2.20/hr from 7pm to 7am the following day for commercial vehicles",Charges same as weekdays,Charges same as weekdays
Tan Boon Liat Building,"315 Outram Road, S(169074)","\$1.20/hr from 7am to 7pm for cars, \$2.20/hr from 7am to 7pm for commercial vehicles","\$2.00/entry from 7pm to 10.30pm, \$4.00/entry from 10.30pm to 7am the following day","\$2.50/entry from 7am to 10.30pm, \$4.00/entry from 10.30pm to 7am the following day","\$2.50/entry from 7am to 10.30pm, \$4.00/entry from 10.30pm to 7am the following day"
Prosper House,"101 Lorong 23 Geylang, S(388399)",\$1.20/hr from 7am to 7pm,\$0.75/30min from 7pm to 7am the following day,Charges same as weekdays,Charges same as weekdays
26 Tai Seng Street,"26 Tai Seng Street, S(534057)",\$0.75/30min from 7am to 7pm,"\$3.00/entry from 6.31pm to 11.59pm, Additional Overnight Charge at \$10.00 from 12midnight to 6.59am",Charges same as weekdays,\$5.00/enty from 7am to 12midnight
Sakae Building,"28 Tai Seng Street, S(534106)",\$3.00/hr from 7am to 6.30pm,\$2.00/hr from 7pm to 7am the following day,Charges same as weekdays,Charges same as weekdays
Charles & Keith Building,"21 Tai Seng Street, S(534166)",\$2.00/hr from 7am to 7pm,\$1.20/hr from 6.01pm to 6.59am the following day,Charges same as weekdays,\$1.20/hr from 7am to 6pm
Gordon Warehouse Building,"9 Kaki Bukit Road 2, S(417842)",\$1.20/hr from 7am to 6pm,HDB / URA parking rates,HDB / URA parking rates,HDB / URA parking rates
Marang Road,Marang Road,HDB / URA parking rates,"\$2.40/entry from 6pm to 9pm, \$0.04/min from 9pm to 7am the following day","\$0.04/min from 7am to 1pm, \$2.40/entry from 1pm to 9pm, \$0.04/min from 9m to 7am the following day","\$2.40/entry from 7am to 9pm, \$0.04/min from 9pm to 7am the following day"
Ren Ci Community Hospital,"71 Irrawaddy Road, S(329562)",\$0.04/min from 7am to 6pm,Free Parking,Free Parking,Free Parking
Hotel Re!,175A Chin Swee Road S(169879),Free Parking,HDB / URA parking rates,HDB / URA parking rates,HDB / URA parking rates
Woodlands Loop,Woodlands Loop,HDB / URA parking rates,Carpark closed,Carpark closed,Carpark closed
M-Park @ Club Street,Club Street,Carpark closed,"Free parking from 7pm to 12midnight, \$6.00/entry from 12midnight to 7am the following day","Free parking from 7am to 12midnight, overnight charge from 12midnight to 7am the following day","Free parking from 7am to 12midnight, overnight charge from 12midnight to 7am the following day"
Midview City,18 Sin Ming Lane S(573960),"1st hr free, \$1.00/hr from 7am to 7pm",Private Car Park,Private Car Park,Private Car Park
71 Robinson Road,"71 Robinson Road, (S)068895",Private Car Park,Private Car Park,Private Car Park,Private Car Park
Tung Ann Association Building,"141 Cecil Street, S(069541)",Private Car Park,Carpark closed after 10pm daily,\$1.00/hr from 7am to 3pm,Carpark closed
Admirax ,"8 Admiralty Street, S(757438)",\$1.00/hr from 7am to 10pm,\$5.35/entry from 6pm to 6.59am the following day,\$5.35/entry from 7am to 6.59am the following day,\$5.35/entry from 7am to 6.59am the following day
Asia Square Tower 1,"8 Marina View, S(018960)",\$1.07/10min from 7am to 5.59pm,\$0.50/30min from 5pm to 7am the following day,Charges same as weekdays,\$0.50/30min from 7am to 7am the following day
Chinatown Complex,"335 Smith Street, S(050335)",\$1.00/30min from 7am to 5pm,"\$3.50/entry from 6pm to 12midnight, Carpark closed after 12midnight","\$2.50/30min from 7am to 1pm, \$3.50/entry from 1pm to 12midnight, Carpark closed after 12midnight",\$3.50/entry
Mapletree,"1 Kallang Sector, S(349276)",\$2.50/30min from 7am to 6pm,Private Car Park,Private Car Park,Private Car Park
AIA Tower,"1 Robinson Road, S(048542)",Private Car Park,\$2.50/entry from 6pm to 6am the following day,Charges same as weekdays,\$3.00/entry from 6am to 6am the following day
Oasia Hotel Singapore,"8 Sinaran Drive, S(307470)","\$2.50 for 1st hr, \$1.20 for subsequent 30min from 6am to 6pm",\$2.40/entry from 5pm to 11pm,"\$2.40/30min from 7am to 2pm, \$2.40/entry from 2pm to 11pm",\$2.40/entry from 7am to 7am the following day
Robinson 77,"77 Robinson Road, S(068896)",\$2.40/30min from 7am to 5pm,HDB / URA parking rates,HDB / URA parking rates,HDB / URA parking rates
Woodlands East Industrial Estate,"20 Woodlands Link, S(738733)",HDB / URA parking rates,Private Car Park,Private Car Park,Private Car Park
Singapore Islamic Hub,"273 Braddell Road, S(579702)",Private Car Park,Private Car Park,Private Car Park,Private Car Park
Singapore Land Tower,"50 Raffles Place, S(048623)",Private Car Park,Private Car Park,Private Car Park,Private Car Park
Realty Centre,"15 Enggor Street, S(079716)",Private Car Park,\$1.07/30min from 7pm to 7am the following day,\$1.07/30min from 7am to 7am the following day,\$1.07/30min from 7am to 7am the following day
OrangeTee Building,"430 Lorong 6 Toa Payoh, S(319402)",\$1.07/30min from 7am to 7pm,\$0.03/min from 6pm to 2am the following day,Charges same as weekdays,Charges same as weekdays
Gardens by the Bay,"18 Marina Gardens Drive, S(018953)",\$0.03/min from 5am to 6pm,\$3.00/entry from 10.31pm to 7am the following day,Charges same as weekdays,Charges same as weekdays
Marina Bay Cruise Centre Singapore (MBCCS),"61 Marina Coastal Drive, S(018947)","\$2.00/hr for 1st 2hr, \$3.00 for next subsequent hr from 7.01am to 10.30pm","\$3.21 for 1st 4hr, \$0.27/10min block or part thereof from 6pm to 6am the following day","\$3.21 for 1st 4hr, \$0.27/10min block or part thereof from 6am to 6am the following day","\$3.21 for 1st 4hr, \$0.27/10min block or part thereof from 6am to 6am the following day"
Marina Bay Financial Centre Tower 1,"8 Marina Boulevard, S(018981)",\$1.07/10min block or part thereof from 6am to 6pm,"\$3.21 for 1st 4hr, \$0.30/10min from 6pm to 6am the following day","\$3.21 for 1st 4hr, \$0.30/10min from 6pm to 6am the following day","\$3.21 for 1st 4hr, \$0.30/10min from 6pm to 6am the following day"
Marina Bay Link Mall,8A Marina Boulevard S(018984),\$1.18/10min from 6am to 6pm,"\$3.21 for 1st 4hr, \$0.30/10min block or part thereof from 6pm to 6am the following day","\$3.21 for 1st 4hr, \$0.27/10min block or part thereof from 6am to 6am the following day","\$3.21 for 1st 4hr, \$0.27/10min block or part thereof from 6am to 6am the following day"
Marina Bay Financial Centre Tower 3,10 Marina Boulevard S(018983),\$1.08/10min block or part thereof from 6am to 6pm,"\$1.30 for 1st hr, \$0.65 for next subsequent 30min from 12midnight to 11.59pm",Charges same as weekdays,"\$2.14 for 1st hr, \$1.07 for next subsequent 30min from 12midnight to 11.59pm"
The Star Vista,"1 Vista Exchange Green, S(138617)","\$1.30 for 1st hr, \$0.65 for next subsequent 30min from 12midnight to 11.59pm",\$2.50/entry from 5pm to 6.59am the following day,Charges same as weekdays,\$3.00/entry from 12am to 11.59pm
Mount Elizabeth Novena Hospital,38 Irrawaddy Road S(329563),"\$2.80 for 1st hr, \$1.50 for next subsequent 30min from 7am to 4.59pm","\$5.00/entry from 6.01pm to 12midnight, Additional \$2.00/entry from 12.01am to 7am the following day","\$5.00/entry from 7.01am to 12midnight the following day, Additional \$2.00/entry from 12.01am to 7am the following day","\$5.00/entry from 701am to 12midnight the following day, Additional \$2.00/entry from 12.01am to 7am the following day"
Fullerton Bay Hotel,"80 Collyer Quay, S(049326)",\$2.80/30min from 7.01am to 6pm,"\$2.14 for 1st 2hr, \$0.81 for next subsequent 30min from 6pm to 5.59am the following day",Charges same as weekdays,Charges same as weekdays
Greenwich Village,1 Seletar Road S(807011),"\$1.34/hr, \$0.81 for subsequent 30min from 6am to 5.59pm","\$0.70/30min from 5pm to 7am the following day, Parking charges capped at \$5.60 from 10.30pm to 7am the following day",Charges same as weekdays,"\$0.70/30min from 5pm to 7am the following day, Parking charges capped at \$5.60 from 10.30pm to 7am the following day"
Angullia Park,"Angullia Park, S(239974)",\$1.30/30min from 7am to 5pm,"\$0.50/30min from 5pm to 7am the following day, Parking charges capped at \$4.00 from 10.30pm to 7am the following day",Charges same as weekdays,"\$0.50/30min from 7am to 7am the following day, Parking charges capped at \$4.00 from 10.30pm to 7am the following day"
Penang Road,Penang Road,\$1.20/30min from 7am to 5pm,"\$0.50/30min from 5pm to 7am the following day, Parking charges capped at \$4.00 from 10.30pm to 7am the following day",Charges same as weekdays,"\$0.50/30min from 7am to 7am the following day, Parking charges capped at \$4.00 from 10.30pm to 7am the following day"
Neil Road,Neil Road,\$1.00/30min from 7am to 5pm,"\$0.70/30min from 5pm to 7am, Parking charges capped at \$5.60 from 10.30pm to 7am the following day",Charges same as weekdays,\$0.70/30min from 7am to 7am the following day
Grange Road / Somerset Road,Grange Road / Somerset Road,\$1.30/30min from 7am to 5pm,"\$0.50/30min from 7am to 7am the following day, Parking charges capped at \$4.00 from 10.30pm to 7am the following day",Charges same as weekdays,Charges same as weekdays
Hindoo Road / Kampong Kapor Road,Hindoo Road / Kampong Kapor Road,\$0.50/30min from 7am to 7am the following day,"\$0.50/30min from 7am to 7am the following day, Parking charges capped at \$4.00 from 10.30pm to 7am the following day",Charges same as weekdays,Charges same as weekdays
Hindoo Road,Hindoo Road,\$0.50/30min from 7am to 7am the following day,"\$0.50/30min from 7am to 7am the following day, Parking charges capped at \$4.00 from 10.30pm to 7am the following day",Charges same as weekdays,Charges same as weekdays
Shrewsbury Road,Shrewsbury Road,\$0.50/30min from 7am to 7am the following day,"\$0.50/30min from 7am to 7am the following day, Parking charges capped at \$4.00 from 10.30pm to 7am the following day",Charges same as weekdays,Charges same as weekdays
Kampong Bugis Road,Kampong Bugis Road,\$0.50/30min from 7am to 7am the following day,"\$2.14/entry from 5pm to 10.59pm, \$1.07/hr from 11pm to 7.59am the following day",Charges same as weekday,"\$2.14/entry from 8am to 10.59pm, \$1.07/hr from 11pm to 7.59am the following day"
10 Raeburn Park,"10 Raeburn Park, S(088702)",\$1.07/hr from 8am to 4.59pm,"\$2.50/entry from 6pm to 9.59pm, \$4.00/entry from 10pm to 6.59am the following day","\$0.80/30min from 7am to 2.59pm, \$4.00/entry from 3pm to 6.59am the following day",\$4.00/entry from 7am to 6.59am the following day
34 Boon Leat Terrace,"34 Boon Leat Terrace, S(119866)",\$0.80/30min from 7am to 5.59pm,\$2.14/entry from 7pm to 6.59am the following day,"\$2.20 for 1st hr, \$1.10 for next subsequent 30min from 7am to 12.59pm, \$2.14/entry from 1pm to 6.59am the following day.","\$2.14/entry from 7am to 10.59pm, \$2.14/entry from 11pm to 6.59am the following day"
1557 Keppel Road,"1557 Keppel Road, S(089066)","\$2.20 for 1st hr, \$1.10 for next subsequent 30min from 7am to 7pm",\$2.14/30min from 12midnight to 6.59am the following day,Charges same as Weekdays,Charges same as Weekdays
Tan Chong Industrial Park,"798 Upper Bukit Timah Road, S(678138)",\$1.07/30min from 7am to 11.59pm,\$0.02/min from 7am to 7am the following day,\$0.018/min from 7am to 7am the following day,\$0.018/min from 7am to 7am the following day
Burghley Lifestyle Hub,"45 Burghley Drive, (S)559022",\$0.02/min from 7am to 7am the following day,\$1.30/30min from 6am to 6am the following day,Charges same as Weekdays,Charges same as Weekdays
25 Lorong 8 Toa Payoh,"25 Lorong 8 Toa Payoh, S(319263)",\$1.30/30min from 6am to 6am the following day,\$0.02/min up to a maximum charge of \$5.00 from 10.30pm to 7am the following day,Charges same as Weekdays,"Free parking from 7am to 10.30pm, \$0.02/min up to a maximum charge of \$5.00 from 10.30pm to 7am the following day"
YS-One,"1 Yishun Street 23, (S)768441",\$0.02/min from 7am to 10.30pm,"\$0.50/30min from 7am to 7am the following day, Parking charges capped at \$4.00 from 10.30pm to 7am the following day",Charges same as weekdays,Charges same as weekdays
East Coast Park (Carpark E3),East Coast Park Service Road,\$0.50/30min from 7am to 7am the following day,"\$0.50/30min from 7am to 7am the following day, Parking charges capped at \$4.00 from 10.30pm to 7am the following day",Charges same as weekdays,Charges same as weekdays
East Coast Park (Carpark E2),"1220 East Coast Parkway, S(468960)",\$0.50/30min from 7am to 7am the following day,"\$1.18 for 1st hr, \$0.64 for next subsequent 30min from 7am to 7am the following day",Charges same as weekdays,Charges same as weekdays
Yew Tee Point,"21 Choa Chu Kang North 6, S(689578)","\$1.18 for 1st hr, \$0.64 for next subsequent 30min from 7am to 7am the following day",\$0.50/30min from 5pm to 7am the following day,"\$0.50/30min from 7am to 11am, Free parking from 11am to 7pm, \$0.50/30min from 7pm to 7am the following day",Free parking from 7am to 7am the following day
Gillman Barracks,"7 Lock Road, S(108935)","Free parking for 1st hr, \$0.50/30min for 2nd hr, \$3.00/hr from the 3rd hr from 7am to 5pm",\$2.50/entry from 6pm to 6am the following day,Charges same as weekdays,Charges same as weekdays
Jem,"50 Jurong Gateway Road, S(608549)","\$1.30 for 1st hr, \$0.50 for next subsequent 15min from 6am to 6pm",\$2.50/entry from 7.01pm to 6.59pm the following day,Charges same as Weekdays,Free Parking from 7am to 6.59am the following day
IBM Singapore Technology Park ,"6 Tampines Industrial Avenue 5, S(528760)",\$0.025/min from 7am to 7pm,\$3.50/entry from 6pm to 6.59am the following day,Charges same as weekdays,Charges same as weekdays
Rochester Mall,"33 Rochester Drive, S(138639)","\$1.30/hr, \$0.65 for next subsequent 30min from 7am to 5.59pm","\$2.00 for 1st 1hr, \$1.50 for next subsequent 30min from 10pm to 7.59am the following day",Charges same as weekdays,Charges same as weekdays
OG Orchard Point,"160 Orchard Road, S(238842)","\$2.00 for 1st 1hr, \$1.50 for next subsequent 30min from 8am to 9.59pm",\$3.75/entry from 7pm to 6am the following day,Charges same as weekdays,"\$3.75 for the 1st 2hrs, \$1.61 for next subsequent hr from 6am to 6am the following day"
People's Park Complex,"1 Park Road, S(059108)","\$3.21 for the first hr, \$1.71 for next subsequent 30min from 6am to 7pm",\$1.20/30min from 7am to 10.59pm,Charges same as weekdays,Charges same as weekdays
OG People's Park,"100 Upper Cross Street, S(059108)",\$1.20/30min from 7am to 10.59pm,\$0.80/30min from 5pm to 8am the following day,Charges same as weekdays,\$0.80/30min from 8am to 8am the following day
Wilby Central,"Wilby Bukit Timah, 25 Wilby Road S(276300)",\$1.60/30min from 8am to 5pm,\$2.00/hr from 7am to 7am the following day,Charges same as weekdays,Charges same as weekdays
myVillage@Serangoon Garden,"1 Maju Avenue #02-03/04/05/06, S(556679)",\$2.00/hr from 7am to 7am the following day,"\$1.50/hr for 1st 2hr, \$2.50 for next subsequent hr from 5pm to 5am the following day","\$1.50/hr, \$4.50 for next subsequent hr from 5am to 5am the following day","\$1.50/hr, \$4.50 for next subsequent hr from 5am to 5am the following day"
Breadtalk building,"30 Tai Seng Street, S(534013)","\$1.50/hr for 1st 2hr, \$3.50 for next subsequent hr from 5am to 5pm",Private Carpark,Private Carpark,Private Carpark
Maritime House,"120 Cantonment Road, S(089760)",Private Carpark,"\$0.27/15min from 6pm to 11.59pm, \$1.07/30min from 12midnight to 7.59am the following day",Charges same as weekdays,"\$1.70/entry from 8am to 11.59pm, \$1.07/30min from 12midnight to 7.59am the following day"
Highland Centre,"22 Yio Chu Kang Road, S(545535)","\$0.27/15min from 8am to 1.59pm, \$0.27/10min from 2pm to 5.59pm",\$2.50/entry from 6pm to 11.59pm,Charges same as weekdays,Charges same as weekdays
Westgate,"3 Gateway Drive, S(608532)","\$1.30 for 1st hr, \$0.50 for next subsequent 15min from 12midnight to 5.59pm","\$1.50 for 1st hr, \$0.40 for next subsequent 15min from 12midnight to 11.59pm",Charges same as weekdays,Charges same as weekdays
Bedok Mall,"311 New Upper Changi Road, S(467360)","\$1.50 for 1st hr, \$0.40 for next subsequent 15min from 12midnight to 11.59pm",\$2.50/entry from 6.01pm to 6.59am the following day,"\$2.50 for 1st 2hr, \$1.20 for next subsequent 30min from 7am to 5pm, \$2.50/entry from 5.01pm to 6.59am the following day","\$2.50 for 1st 2hr, \$1.20 for next subsequent 30min from 7am to 5pm, \$2.50/entry from 5.01pm to 6.59am the following day"
Changi Link @ UE Bizhub East,"8 Changi Business Park Avenue 1, S(486018)","\$1.50 for the 1st hr, \$1.20 for 2nd hr, \$1.00 for next subsequent 30min from 7am to 6pm","\$4.80 for 1st 2hr 30min, \$1.80 for next subsequent 30min from 6pm to 11.59pm","\$4.80 for 1st 2hr 30min, \$1.80 for next subsequent 30min from 12midnight to 12midnight the following day","\$4.80 for 1st 2hr 30min, \$1.80 for next subsequent 30min from 12midnight to 12midnight the following day"
Orchard Gateway,"277 Orchard Road, S(238858)","\$3.00 for 1st 1hr 30min, \$1.50 for next subsequent 30min from 12midnight to 5.59pm",\$2.00/entry from 5.01pm to 7.29am the following day,Charges same as weekdays,\$2.00/entry from 7.30am to 7.29am the following day
Excalibur Centre,"71 Ubi Crescent, S(408571)",\$1.20/hr from 7.30am to 5pm,\$3.00/entry from 9pm to 5.59am the following day,Charges same as weekdays,Charges same as weekdays
Arena Country Club,"511 Upper Jurong Road, S(638366)","\$0.60/30min from 6am to 8.59am, \$1.20/hr from 9am to 8.59pm",\$3.30/entry from 7pm to 7am the following day,"\$1.65/hr from 7am to 2pm, \$3.30/entry from 2pm to 7am the following day",\$3.30/entry from 7am to 7am the following day
Biopolis 3,"3 Biopolis Drive, S(138623)",\$1.65/hr from 7am to 7pm,\$1.07/hr from 7am to 11pm,\$1.07/hr from 7am to 6pm,\$1.07/hr from 7am to 6pm
Singapore Institute of Management,"461 Clementi Road, S(599491)",\$1.07/hr from 7am to 11pm,Free parking from 7pm to 10pm,Free parking from 6am to 10.30pm,Free parking from 6am to 10.30pm
Ngee Ann Polytechnic,"535 Clementi Road, S(599489)",\$1.07/hr from 6am to 7pm,\$0.50/30min from 5.30pm to 7am the following day,\$0.50/30min from 7am to 7am the following day,\$0.50/30min from 7am to 7am the following day
MOH College of Medicine,"16 College Road, S(169854)",Not applicable,Private Car Park,Private Car Park,Private Car Park
The Octagon,"105 Cecil Street, S(069534)",Private Car Park,\$1.20/hr from 5pm to 10.30pm,Charges same as weekdays,\$2.80/hr from 7am to 10.30pm
The Pinnacle @ Duxton,"1 Cantonment Road, S(080001)",\$2.80/hr from 7am to 5pm,"\$0.50/30min from 5pm to 10.30pm, \$0.50/30min from 10.30pm to 7am the following day","\$0.50/30min from 7am to 10.30pm, \$0.50/30min from 10.30pm to 7am the following day","\$0.50/30min from 7am to 10.30pm, \$0.50/30min from 10.30pm to 7am the following day"
"Blk 334/333 Kreta Ayer, Blk 4 Sago Lane","334 Kreta Ayer Road, S(050004)",\$1.00/30min from 7am to 5pm,Reserved for season parking from 7pm to 7am the following day,Charges same as weekdays,Charges same as weekdays
HDB Bukit Merah Central BM28/30,"Bukit Merah Central, S(150119)",HDB / URA parking rates from 7am to 7pm,HDB / URA parking rates,Charges same as weekdays,Charges same as weekdays
HDB Joo Chiat MSCP,"3 Joo Chiat Road, S(420003)",HDB / URA parking rates,\$0.64/30min from 7am to 7pm,Charges same as weekdays,Charges same as weekdays
Singapore Sports Hub,"2 Stadium Walk, S(397691)",\$0.64/30min from 7am to 7pm,"\$3.21/entry from 6pm to 11.59pm, \$12.00/entry from 12midnight to 5.59am the following day",Charges same as weekdays,"\$3.21/entry from 6am to 11.59pm, \$12.00/entry from 12midnight to 5.59am the following day"
Lifelong Learning Institute (LLI),"11 Eunos Road 8, S(408601)",\$1.60/30min from 6am to 5.59pm,\$0.50/30min from 7am to 7am the following day,Charges same as weekdays,Charges same as weekdays
Maritime Square D Off Street,"1 Maritime Square, S(099253)",\$0.50/30min from 7am to 7am the following day,"\$2.20 for 1st hr, \$1.53 for next subsequent 30min",Charges same as weekdays,Charges same as weekdays
Cluny Court,"501 Bukit Timah Road, S(259760)","\$2.20 for 1st hr, \$1.53 for next subsequent 30min",\$3.00/entry from 6pm to 6.59am the following day,Charges same as weekdays,Charges same as weekdays
Farrer Park Hospital,"1 Farrer Park Station Road, S(217562)","\$2.00 for 1st hr, \$1.00 for next subsequent 30min from 7am to 5.59pm",\$3.00/entry from 6pm to 6.59am the following day,Charges same as weekdays,Charges same as weekdays
Farrer Park Medical Centre,"1 Farrer Park Station Road, S(217562)","\$2.00 for 1st hr, \$1.00 for next subsequent 30min from 7am to 5.59pm",\$3.00/entry from 6pm to 6.59am the following day,Charges same as weekdays,Charges same as weekdays
One Farrer Hotel & Spa,"1 Farrer Park Station Road, S(217562)","\$2.00 for 1st hr, \$1.00 for next subsequent 30min from 7am to 5.59pm","\$0,035/min from 12midnight to 12midnight the following day",Charges same as weekdays,Charges same as weekdays
Changi Airport South Carpark,"60 Airport Boulevard, S(819643)","\$0,035/min from 12midnight to 12midnight the following day","\$1.20 for 1st hr, \$0.60 for next subsequent 30min from 5pm to 10pm",Charges same as weekdays,Charges same as weekdays
Seletar Mall,"33 Sengkang West Avenue, S(797653)","\$1.20 for 1st hr, \$0.60 for next subsequent 30min from 10am to 5pm","\$2.00/entry from 6pm to 2am the following day, \$1.50 for 1st hr, \$0.80 for subsequent 30min from 2am to 6am",Charges same as weekdays,Charges same as weekdays
OneKM Shopping Mall,"11 Tanjong Katong Road, S(437157)","\$1.50 for 1st hr, \$0.40 for subsequent 15min from 7am to 6pm","\$1.07 for 1st hr, \$0.64 for next subsequent 30min from 5pm th 7am the following day",Charges same as weekdays,Charges same as weekdays
HillV2,"4 Hillview Rise, S(667979)","\$1.07 for 1st hr, \$0.64 for next subsequent 30min from 7am th 5pm",\$0.50/30min from 6pm to 2am the following day,Charges same as weekdays,Charges same as weekdays
East Village,"430 Upper Changi Road, S(487048)",\$0.50/30min from 2am to 6pm,"Free parking from 6.30pm to 11pm, \$2.40/hr from 11pm to 7am the following day","Free parking from 7am to 11pm, \$2.40/hr from 11pm to 7am the following day","Free parking from 7am to 11pm, \$2.40/hr from 11pm to 7am the following day"
Alexandra Retail Centre,"460 Alexandra Road, S(119963)",\$2.00/hr from 7am to 6.30pm,\$3.00/entry from 5pm to 7am the following day,Charges same as weekdays,\$3.00/entry from 7am to 7am the following day
Commerze @ Irving,"1 Irving Place, S(369546)",\$1.00/30min from 7am to 5pm,\$2.20/entry from 5pm to 7am the following day,Charges same as weekdays,\$3.30/entry from 7am to 7am the following day
Link@AMK,"3 Ang Mo Kio Street 62, S(569139)",\$0.65/30min from 7am to 5pm,\$3.00/entry from 5pm to 7.59am the following day,Charges same as weekdays,\$3.00/entry from 8am to 7.59am the following day
100 AM Shopping Mall,"100 Tras Street, S(079027)",\$2.00/30mim from 8am to 4.59pm,\$2.68/entry from 6pm to 6am the following day,"\$1.07/hr from 6am to 6pm, \$2.68/entry from 6pm to 6am the following day","\$1.07/hr from 6am to 6pm, \$2.68/entry from 6pm to 6am the following day"
The Metropolis,"9 North Buona Vista Drive, S(138588)","\$2.68 for 1st hr, \$1.34 for next subsequent 30min from 6am to 6pm","\$1.50 for 1st hr, \$0.75 for next subsequent 30min from 5pm to 8am the following day",Charges same as weekdays,Charges same as weekdays
Victory 8,"8 Jalan Legundi, S(759274)","\$1.50 for 1st hr, \$0.75 for next subsequent 30min from 8am to 5pm","\$1.20 for 1st hr, \$0.60 for next subsequent 30min from 6pm to 12midnight","\$1.20 for 1st hr, \$0.60 for next subsequent 30min from 12midnight to 12midnight the following day","\$1.20 for 1st hr, \$0.60 for next subsequent 30min from 12midnight to 12midnight the following day"
Paya Lebar Square,"60 Paya Lebar Road, S(409051)","\$1.50 for 1st hr, \$0.80 for next subsequent 30min from 12midnight to 6pm","Free for 1st 2hr, \$0.30 for next subsequent 15min from 12midnight to 6am the following day",Charges same as weekdays,Charges same as weekdays
Fairprice Hub,"1 Joo Koon Circle, (S)629117","Free for 1st 2hr, \$0.30 for next subsequent 15min from 6am to 11.59pm",\$5.35/entry from 6pm to 6.59am the following day,\$5.35/entry from 7am to 6.59am the following day,\$5.35/entry from 7am to 6.59am the following day
Asia Square Tower 2,"12 Marina View, S(018961)",\$1.07/10min from 7am to 5.59pm,"\$0.90/30min from 6pm to 12midnight, \$0.60/30min from 12midnight to 7am the following day",Charges same as weekdays,Charges same as weekdays
Sports Hub@Punggol,"6 Tebing Lane, S(828835)",\$0.60/30min from 7am to 6pm,\$3.00/entry from 6pm to 10.59am the following day,"\$2.00 for the 1st 2hr, \$0.40 for next subsequent 15min from 11am to 11am the following day","\$2.00 for the 1st 2hr, \$0.40 for next subsequent 15min from 11am to 11am the following day"
Capitol Piazza,"13 Stamford Road, S(178905)","\$2.00 for the 1st hr, \$0.40 for next subsequent 15min from 11am to 5.59pm",\$2.50/hr from 12midnight to 6am the following day,Charges same as weekdays,Charges same as weekdays
Big Box,"1 Venture Avenue, S(608521)","\$1.60 for 1st hr, \$0.50 for next subsequent 15min from 6am to 12midnight",\$3.75/entry from 6pm to 6.59am the following day,"\$1.07/10min from 7am to 2.59pm, \$3.75/entry from 3pm to 11.59pm",\$3.75/entry from 7am to 7am the following day
OUE Bayfront,"50 Collyer Quay, S(049321)",\$1.07/10min from 7am to 5.59pm,\$0.64/30min from 7pm to 7am,Charges same as weekdays,Charges same as weekdays
Kallang Wave Mall,"1 Stadium Place, S(397628)",\$0.64/30min from 7am to 7pm,\$5.00/entry from 6pm to 7am the following day,"\$2.50/hr from 7am to 5.59pm, \$5.00/entry from 6pm to 6.59am the following day","\$2.50/hr from 7am to 5.59pm, \$5.00/entry from 6pm to 6.59am the following day"
School of the Arts Singapore,"1 Zubir Said Drive, S(227968)",\$2.50/hr from 7am to 5.59pm,\$3.50/entry from 5pm to 7am the following day,\$5.00/entry from 7am to 7am the following day,\$5.00/entry from 7am to 7am the following day
South Beach Tower,"38 Beach Road, S(189767)",\$2.40/hr from 7am to 5pm,\$2.14/entry from 5pm to 8am the following day,Charges same as weekdays,\$2.14/entry from 8am to 8am the following day
Golden Landmark Shopping Complex ,390 Victoria Street S(188061),"\$1.90 for 1st hr, \$1.07 for next subsequent 30min from 8am to 5pm","\$5.00 for 1st hr, \$2.50 for next subsequent 30min from 5pm to 8am the following day",Charges same as weekdays,Charges same as weekdays
PARKROYAL on Pickering ,"3 Upper Pickering Street, S(058289)","\$5.00 for 1st hr, \$2.50 for next subsequent 30min from 8am to 5pm",\$3.20/entry from 6pm to 7am the following day,Charges same as weekdays,Charges same as weekdays
National Gallery Singapore,"1 Saint Andrew's Road, S(178957)",\$1.30/30min from 7am to 6pm,\$3.50/entry from 7am to 12midnight from Mon to Thursday,"\$4.00 for 1st 4hr from 7am to 5pm, \$4.00/entry from 5pm to 1am from Friday to Sunday","\$4.00 for 1st 4hr from 7am to 5pm, \$4.00/entry from 5pm to 1am from Friday to Sunday"
Quayside Isle @ Sentosa Cove,"31 Ocean Way, Sentosa Cove, S(098375)",\$3.50/entry from 7am to 12midnight from Mon to Thursday,\$1.50/hr from 1am to 6.59am,Charges same as weekdays,Charges same as weekdays
W Singapore Sentosa Cove,"21 Ocean Way Sentosa, S(098374)",\$3.50/entry from 7am to 12.59am the following day,\$3.70/entry from 6pm to 6.59am the following day,"\$3.10/30min from 7am to 12.59pm, \$3.70/entry from 1pm to 6.59am the following day",\$3.70/entry from 7am to 6.59am the following day
CapitaGreen,"138 Market Street, S(048946)",\$3.10/30min from 7am to 5.59pm,\$1.10/30min from 5pm to 8am the following day,Charges same as weekdays,Charges same as weekdays
Ibis Singapore On Bencoolen Hotel,"170 Bencoolen Street, S(189657)",\$1.10/30min from 8am to 5pm,"\$1.20 for the first hr, \$0.60 for next subsequent 30min from 5pm to 8am the following day",Charges same as weekdays,Charges same as weekdays
Waterway Point,"83 Punggol Central, S(828761)","\$1.20 for the first hr, \$0.60 for next subsequent 30min from 8am to 5pm","\$4.28/hr, \$2.14 for next subsequent 30min from 5pm to 8am the following day",Charges same as weekdays,Charges same as weekdays
Pan Pacific Serviced Suites Orchard,"96 Somerset Rd, S(238163)","\$4.28/hr, \$2.14 for next subsequent 30min from 8am to 5pm",\$3.00/entry from 5pm to 7am the following day,"\$2.50/30min from 7am to 1pm, \$3.00/entry from 1pm to 7am the following day",\$3.00/entry from 7am to 7am the following day
"Oasia Hotel Downtown, Singapore","100 Peck Seah Street, S(079333)",\$2.50/30min from 7am to 5pm,\$3.50/entry from 5pm to 7am the following day,Charges same as weekdays,\$3.50/entry from 7am to 7am the following day
"Carlton City Hotel, Singapore","1 Gopeng Street, S(078862)",\$2.50/30min from 7am to 5pm,\$0.36/15min from 6am to 12midnight,Charges same as weekdays,Charges same as weekdays
Devan Nair Institute for Employment and Employability,"80 Jurong East Street 21, S(609607)",\$0.36/15min from 6am to 12midnight,"\$2.05/entry from 6pm to 5.59am the following day (Members), \$3.40/entry from 6pm to 5.59am the following day (Public)",Charges same as weekdays,"\$2.05/entry from 6am to 5.59am the following day (Members), \$3.40/entry from 6am to 5.59am the following day (Public)"
Safra Punggol Clubhouse,"9 Sentul Crescent, S(828654)","\$1.05 for 1st hr, \$0.27 for next subsequent 15min from 6am to 5.59pm (Members), \$1.95 for 1st hr, \$0.49 for next subsequent 15min from 6am to 5.59pm (Public)",\$3.50/entry from 5pm to 6.59am the following day,Charges same as weekdays,"\$3.50/entry from 7am to 4.59pm, \$3.50/entry from 5pm to 6.59am the following day"
Car Park @ 22 Bideford Road,"22 Bideford Road, S(229923)","\$2.50 for 1st hr, \$1.25 for next subsequent 30min from 7am to 4.59pm",\$0.50/30min from 10.31pm to 7am the following day up to a maximum charge of \$4.00,Charges same as weekdays,"Free parking from 7.01am to 10.30pm, \$0.50/30min from 10.31pm to 7am the following day up to a maximum charge of \$4.00"
Kaki Bukit Autohub,"2 Kaki Bukit Avenue 2,  S(417921)",\$0.50/30min from 7.01am to 10.30pm,\$5.00/entry from 10pm to 6.59am the following day,\$5.00/entry from 7am to 6.59am the following day,\$5.00/entry from 7am to 6.59am the following day
CES Centre,"171 Chin Swee Road, S(169877)",\$2.80/hr from 7am to 9.59pm,"\$1.00 for 1st hr, \$0.25 for next subsequent 15min form 6pm to 10pm, \$0.32 for 1st hr, \$0.08 for next subsequent 15min from 10pm to 6am the following day","\$0.48 for 1st hr, \$0.12 for next subsequent 15min from 6am to 10am, \$1.00 for 1st hr, \$0.25 for next subsequent 15min from 10am to 9pm, \$0.48 for 1st hr from 9pm to 6am","\$0.48 for 1st hr, \$0.12 for next subsequent 15min from 6am to 10am, \$1.00 for 1st hr, \$0.25 for next subsequent 15min from 10am to 9pm, \$0.48 for 1st hr from 9pm to 6am"
Katong Square ,"86 East Coast Road, S(428788)","\$0.48 for 1st hr, \$0.12 for next subsequent 15min from 6am to 10am, \$0.96 for 1st hr, \$0.24 for next subsequent 15min from 10am to 6pm","\$1.00 for 1st hr, \$0.25 for next subsequent 15min form 6pm to 10pm, \$0.32 for 1st hr, \$0.08 for next subsequent 15min from 10pm to 6am the following day","\$0.48 for 1st hr, \$0.12 for next subsequent 15min from 6am to 10am, \$1.00 for 1st hr, \$0.25 for next subsequent 15min from 10am to 9pm, \$0.48 for 1st hr from 9pm to 6am","\$0.48 for 1st hr, \$0.12 for next subsequent 15min from 6am to 10am, \$1.00 for 1st hr, \$0.25 for next subsequent 15min from 10am to 9pm, \$0.48 for 1st hr from 9pm to 6am"
Hotel Indigo Singapore Katong,"86 East Coast Road, S(428788)","\$0.94 for 1st hr, \$0.12 for next subsequent 15min from 6am to 10am, \$0.96 for 1st hr, \$0.24 for next subsequent 15min from 10am to 6pm","\$1.00 for 1st hr, \$0.25 for next subsequent 15min form 6pm to 10pm, \$0.32 for 1st hr, \$0.08 for next subsequent 15min from 10pm to 6am the following day","\$0.48 for 1st hr, \$0.12 for next subsequent 15min from 6am to 10am, \$1.00 for 1st hr, \$0.25 for next subsequent 15min from 10am to 9pm, \$0.48 for 1st hr from 9pm to 6am","\$0.48 for 1st hr, \$0.12 for next subsequent 15min from 6am to 10am, \$1.00 for 1st hr, \$0.25 for next subsequent 15min from 10am to 9pm, \$0.48 for 1st hr from 9pm to 6am"
Holiday Inn Express Singapore Katong ,"86 East Coast Road, S(428788)","\$0.96 for 1st hr, \$0.24 for next subsequent 15min from 10am to 6pm","\$5.25 for 1st hr, \$2.14 for subsequent 30min from 5pm to 8am the following day",Charges same as weekdays,Charges same as weekdays
Mercure Singapore Bugis,"112 Middle Road, S(188973)","\$5.25 for 1st hr, \$2.25 for subsequent 30min from 8am to 5pm","\$3.40/entry from 5pm to 1.59am the following day, \$2.90/hr from 2am to 6.59am",\$2.50/entry from 7am to 6.59am the following day,\$2.50/entry from 7am to 6.59am the following day
Tanjong Pagar Centre,"5 Wallich Street, S(078883)",\$2.90/30min from 7am to 4.59pm,"\$2.00/entry from 5pm to 12midnight, \$3.00/hr from 12midnight to 6am the following day","\$1.00/30min from 6am to 2pm, \$2.00/entry from 2pm to 12midnight, \$3.00/hr from 12midnight to 6am the following day","\$2.00/entry from 6am to 12midnight, \$3.00/hr from 12midnight to 6am the following day"
18 Tai Seng,"18 Tai Seng Street, S(539775)",\$1.00/30min from 6am to 5pm,\$2.14/entry from 10pm to 6.59am the following day,Charges same as weekdays,"\$0.018/min from 7am to 9.59pm, \$2.14/entry from 10pm to 6.59am the following day"
National Heart Centre Singapore,"5 Hospital Drive, S(169609)",\$0.036/min from 7am to 9.59pm,"\$7.00 for 1st hr, \$3.50 for next subsequent 30min from 6pm to 7am the following day",Charges same as weekdays,Charges same as weekdays
Regent Hotel (Cuscaden Parking),"1 Cuscaden Road, S(249715)","\$7.00 for 1st hr, \$3.50 for next subsequent 30min from 7am to 6pm",\$3.00/hr from 12midnight to 11.59pm from Mon to Thurs,\$4.00/hr from 12midnight to 11.59pm the from Fri to Sun,\$4.00/hr from 12midnight to 11.59pm the from Fri to Sun
Genting Hotel Jurong,"2 Town Hall Link, S(608516)",\$3.00/hr from 12midnight to 11.59pm from Mon to Thurs,\$2.15 per entry from 5.01pm to 7.00am the following day,Charges same as weekdays,\$3.25 per entry from 7.01am to 7.00am the following day
UB. One,81 Ubi Ave 4,\$0.70/30min or part thereof from 7.01am to 5.00pm,"\$6.00 for 1st hr, \$4.50 for next subsequent hour",Charges same as weekdays,Charges same as weekdays
Studio M Hotel,3 Nanson Road S(238910),"\$6.00 for 1st hr, \$4.50 for next subsequent hour",\$3.50/entry from 7pm to 7am the following day,Charges same as weekdays,\$3.50/entry from 7pm to 7am the following day
100 Pasir Panjang,100 Pasir Panjang Road S(118518),"\$1.80 for 1st hr, \$0.80 for next subsequent 30min or part thereof from 7am to 7pm","\$2.40/entry from 6pm to 11.59pm, \$1.20 for 1st hr, \$0.60 for next subsequent 30min from 12midnight to 5.59am the following day",Charges same as weekdays,Charges same as weekdays
Our Tampines Hub,"51 Tampines Avenue 4, S(529684)","\$1.20 for 1st hr, \$0.60 for next subsequent 30min from 6am to 5.59pm",\$2.40/entry from 6pm to 6.59am the following day,Charges same as Weekdays,Charges same as Weekdays
Cideco Industrial Complex,50 Genting Lane S(349558),"\$1.35 for 1st hr, \$0.70 for subsequent 30min from 7am to 5.59pm","\$1.07 for 1st 2hr, \$1.07 for subsequent \$2.40/entry from 6pm to 6.59am the following day",Charges same as Weekdays,Charges same as Weekdays
City Industrial Building,"71 Tannery Lane, S(347807)","\$1.35 for 1st hr, \$0.70 for subsequent 30min from 7am to 5.59pm",\$1.07/entry from 6pm to 6am the following day,\$1.07/entry,\$1.07/entry
Galaxis,"1 & 3 Fusionopolis Place, S(138577)",\$1.07/30min or part thereof from 6am to 6pm,"\$3.50/entry from 6pm to 5.59am the following day, free parking from 6.30pm to 9.59pm, \$2.50/entry from 10pm to 5.59am the following day",\$2.50/entry from 6am to 5.59am the following day,\$2.50/entry from 6am to 5.59am the following day
Aperia Mall,"8/10/12 Kallang Avenue, S(339509)","\$1.50 for 1st 2hr, \$3.00 for next subsequent hr",\$2.50/entry from 6.01pm to 7am the following day,"\$2.50 for 1st 2hr, \$1.20 for next subsequent 30min from 7.01am to 5pm, \$2.50/entry from 5.01pm to 7am the following day","\$2.50 for 1st 2hr, \$1.20 for next subsequent 30min from 7.01am to 5pm, \$2.50/entry from 5.01pm to 7am the following day"
Capri By Fraser,"3 Changi, Business Park Central 1, S (486037)",\$0.70/30min from 7.01am to 6pm,Complimentary parking for hotel guests only,Complimentary parking for hotel guests only,Complimentary parking for hotel guests only
Sofitel Singapore Sentosa Resort & Spa Hotel,"2 Bukit Manis Road, S(099891)",Complimentary parking for hotel guests only,\$3.21/entry from 5pm to 8am the following day,\$3.21/entry from 8am to 8am the following day,\$3.21/entry from 8am to 8am the following day
One15 Marina Club,"11 Cove Drive, S(098497)",\$3.21/entry from 8am to 5pm,Complimentary parking for hotel guests only,Complimentary parking for hotel guests only,Complimentary parking for hotel guests only
The Warehouse Hotel,"320 Havelock Road, S(169628)",Complimentary parking for hotel guests only,Complimentary parking for hotel guests only,Complimentary parking for hotel guests only,Complimentary parking for hotel guests only
Hilton Garden Inn,"3 Belilios Road, S(219924)",Complimentary parking for hotel guests only,\$2.40/hr from 5pm to 8am the following day,Charges same as weekdays,Charges same as weekdays
Crowne Plaza Changi Airport,"75 Airport Boulevard, S(819664)",\$2.40/hr from 8am to 5pm,\$2.00/entry after 7pm,Charges same as weekdays,Charges same as weekdays
CT Hub,"2 Kallang Ave, S(339407)",\$1.80/hr before 7pm,\$3.50/entry from 7pm to 7am the following day,"\$2.25/30min from 7am to 1pm, \$3.50/entry from 1pm to 7am the following day",\$3.50/entry from 7am to 7am the following day
Singapore Chinese Cultural Centre,"1 Straits Boulevard, S(018906)",\$2.25/30min from 7am to 7pm,\$2.20/entry from 6pm to 6am the following day,"1st 2hr free, \$1.60 for 1st hr, \$0.80 for next subsequent 30min from 6am to 6pm, \$2.20/entry from 6pm to 6am the following day","1st 2hr free, \$1.60 for 1st hr, \$0.80 for next subsequent 30min from 6am to 6pm, \$2.20/entry from 6pm to 6am the following day"
Zhongshan Mall,"20 Ah Hood Road, S(329984)","\$1.60 for 1st hr, \$0.80 for next subsequent 30min from 6am to 6pm, free parking from 12pm to 2pm","\$1.20 for 1st hr, \$0.80 for next subsequent 30min",Charges same as weekdays,Charges same as weekdays
Junction Nine,18 Yishun Avenue 9,"\$1.20 for 1st hr, \$0.80 for next subsequent 30min",,,
